,CloseTime,Open,High,Low,Close,Volume,Adj Volume
0,1588190400,214.71008367,216.527126,214.413912,215.96924559,1254.634738,270473.50006422587
1,1588194000,215.96,216.56088495,215.4129488,216.49999999,1359.36526789,293697.1695237242
2,1588197600,216.40000004,216.72,214.3140808,215.39785429,1151.72913566,248248.28129901105
3,1588201200,215.28,215.39053488,212.79458242,214.75058407,1831.12127602,391904.0165074404
4,1588204800,214.72266656,215.63222131,214.49441396,215.35098483,1028.97813783,221268.38161484146
5,1588208400,215.42830423,216.9,214.31875445,216.89349877,2076.80468649,446590.4110541414
6,1588212000,216.8337686,218.6,216.42305262,217.42856379,2457.19327378,534423.8968316095
7,1588215600,217.23365434,218.82467593,216.46360491,218.40372359,2168.16578432,471139.3251240702
8,1588219200,218.41315577,226.35514441,217.44524194,225.57612125,5344.49555546,1184360.8472217023
9,1588222800,225.54010584,225.54010584,221.05299843,222.827627,3622.1661282,806611.14726487
10,1588226400,222.75388446,226.8391186,222.73614704,225.93069989,2946.78508436,661088.5644028031
11,1588230000,225.93069989,227.13385486,223.249,223.28475434,4811.98161641,1081368.2452662606
12,1588233600,223.28,223.68296312,216.3234,220.36815671,3214.46024875,707128.64034341
13,1588237200,220.35179971,220.805,216.5129735,216.73084042,1937.01490559,423355.97637886053
14,1588240800,216.5495925,216.5495925,207.04147217,207.08,6415.90597206,1365585.6100642951
15,1588244400,206.35843293,212.79903962,202.19405314,212.35039561,4729.39300026,985350.1794422935
16,1588248000,212.35723618,214.2849393,211.61807204,211.74182454,2628.85547772,559709.9570959128
17,1588251600,211.74,213.1836997,207.51674768,208.84290631,2237.87018014,471379.0058389438
18,1588255200,208.99933725,212.27789999,208.00753469,211.260856,2074.81509932,436963.66296891484
19,1588258800,211.15029325,212.27619674,210.52190267,211.32056673,1817.21703348,383887.2627081089
20,1588262400,211.32056672,211.84674061,206.35780003,208.22505329,2306.54769981,482687.2308977853
21,1588266000,208.05120001,210.37,204.27615281,207.515,3521.15041564,731108.6256727172
22,1588269600,207.39,207.48916006,202.0834746,205.71184204,5694.91102874,1168066.1669318336
23,1588273200,205.84,210.29499999,205.84,209.02068269,3709.34749669,773713.6090467563
24,1588276800,209.15091681,212.68949134,209.025,211.5,2351.94666357,496990.32383873867
25,1588280400,211.50302713,212.29,210.06249089,211.63,1393.5194746,294140.29027589574
26,1588284000,211.4048399,211.96019354,208.64968587,209.08636904,967.6153564,203978.10539502904
27,1588287600,209.14979291,210.37235082,206.84580002,210.37235082,1392.66629819,290529.21830221586
28,1588291200,210.35582051,210.6555708,205.29320752,206.35436145,3733.92275753,774260.0738779089
29,1588294800,206.03203023,209.50796461,205.94860207,208.90632374,3254.24927217,677686.1152082256
30,1588298400,208.89783064,209.64326148,207.87295823,208.1011112,2157.72890349,450256.83266656735
31,1588302000,207.95929298,210.16472589,207.8456698,210.08602998,1529.70388923,319425.9798230243
32,1588305600,210.1337948,210.29056546,207.92920912,208.69240056,1583.58554539,330835.7330651214
33,1588309200,209.0465481,212.41124577,208.92058817,212.01488114,1696.91448012,357266.73872909526
34,1588312800,212.30982582,214.889,211.49118713,214.45267666,2507.10219999,535310.2571093518
35,1588316400,214.27096791,214.27096791,212.49893592,212.9201613,1290.25064302,275333.723554956
36,1588320000,213.06348647,213.64892669,209.9196,212.49893592,2119.54625352,448765.1439624901
37,1588323600,212.67,213.36567115,211.56777576,213.06008787,2211.0420762,469337.50782646367
38,1588327200,213.21125014,214.66683526,212.72840338,214.49882427,1759.71002262,376090.54538793996
39,1588330800,214.51859769,215.0,213.11612562,214.63898455,2070.05557632,443161.2485572517
40,1588334400,214.80824409,217.14,213.86863954,215.22305318,3704.12762845,797503.9853126671
41,1588338000,215.22305318,215.47715088,211.0,212.70066309,4393.07020822,937361.6494264165
42,1588341600,212.90888225,213.68129999,210.09641036,210.80054222,3480.05332961,736873.0032014046
43,1588345200,210.96371023,212.32569275,209.53880001,212.02647322,3091.75452777,651958.0430030915
44,1588348800,211.90104136,212.75371827,209.777,209.91280665,3058.39319637,646099.9085432122
45,1588352400,209.777,211.15407631,208.33435626,210.00770468,3302.50771617,693742.7383161616
46,1588356000,209.8763773,210.85335468,209.28187762,210.83637165,2355.86939876,494835.0314988064
47,1588359600,210.77426531,211.85,209.95188285,210.03530535,1240.56946536,261701.29002807094
48,1588363200,209.91979823,210.35605328,208.73735299,209.21604748,1915.94352523,401722.2978220319
49,1588366800,209.39765946,210.05389931,208.2569,209.92776533,887.9402857,185758.85139510254
50,1588370400,209.85447132,212.43886544,209.85447132,212.3563025,777.33160232,163725.47199294082
51,1588374000,212.36000004,212.46889993,211.29373871,211.96480074,1745.79292247,369700.47359387384
52,1588377600,211.98657144,213.74265121,211.84044148,212.06762153,910.80799253,193759.69599012184
53,1588381200,211.93390261,213.32771392,211.05936226,212.76246537,780.52277602,165478.81732881608
54,1588384800,212.76246993,212.9689965,211.78149205,212.18580241,1046.95957493,222358.40088552923
55,1588388400,212.14994254,212.66849347,211.30990542,212.18638879,601.11386756,127329.84251626997
56,1588392000,212.13303895,213.36567115,211.78504224,213.04358597,926.13900179,197156.4264705653
57,1588395600,213.0236524,213.70714376,212.31879922,212.79760648,845.95284207,180219.4053224107
58,1588399200,212.8626429,212.86381248,212.09004945,212.68228798,630.47687716,133938.1308254287
59,1588402800,212.67566825,213.06005882,212.35050752,212.47764547,862.35729903,183481.47298825675
60,1588406400,212.47764547,212.48831358,210.06284459,211.03323022,3111.61488552,657767.8976637861
61,1588410000,211.05,211.89999999,210.26896906,210.76383821,763.41841021,161237.7812427466
62,1588413600,210.74418399,212.065,210.74418399,211.9130294,530.53356228,112266.04672619216
63,1588417200,212.09179996,212.48612311,211.61925,212.12338938,909.82390779,192942.41383003694
64,1588420800,212.20939084,213.12353742,212.20939084,212.38024319,1183.71114605,251617.54728880682
65,1588424400,212.15713608,213.58362079,212.15713608,212.5184848,974.30183832,207585.12731078698
66,1588428000,212.51725526,213.1646244,212.40499832,213.1646244,389.54795262,82849.22968344341
67,1588431600,213.36567115,214.0,212.8652716,213.40571664,1191.59180255,254331.83629353682
68,1588435200,213.1872527,214.0,211.844097,213.06871784,1480.24449332,314994.93198634736
69,1588438800,213.05806597,215.27891784,212.67063533,214.20630597,1979.86474093,424419.20759102236
70,1588442400,214.25908912,214.79344254,213.66601328,214.51828394,985.44523046,211043.23333603458
71,1588446000,214.395,214.395,211.63190002,212.465,2158.87334708,458708.4900021586
72,1588449600,212.34413554,213.67935622,211.73730007,213.60656698,2089.41791825,443878.165219296
73,1588453200,213.55339194,213.97,212.94161918,213.935,633.46452854,135260.54052559516
74,1588456800,213.985,214.09515859,213.11418051,213.66,277.33246418,59237.88307126543
75,1588460400,213.65,214.04,213.19071279,214.04,743.00815856,158668.9003578776
76,1588464000,213.96399601,214.38189681,213.49,213.69914758,1310.27364869,280462.47351096576
77,1588467600,213.99210849,217.7467,213.50476979,217.33060941,3635.16153417,787592.5871540006
78,1588471200,217.44241809,219.15489998,216.15158487,217.10476131,3202.31720553,697432.1664352465
79,1588474800,216.96015321,218.09786864,216.63286101,216.63286101,1118.90322437,243134.27716804348
80,1588478400,216.6,218.40650232,216.6,218.01258557,925.56134533,201428.29823171682
81,1588482000,218.00133438,218.34103408,217.0944,217.28680133,797.38768163,173645.85014397706
82,1588485600,217.28680133,217.44,216.22942627,216.64883078,986.23151547,213862.9475156082
83,1588489200,216.5,216.5,212.3840701,213.90039794,3626.01814584,775764.4254402014
84,1588492800,213.75160059,214.62068338,213.28294902,213.81830901,1373.84005768,293882.1402116923
85,1588496400,213.50920806,214.78474875,213.13386971,214.37755958,1097.06245665,234862.38526232698
86,1588500000,214.71339126,215.60129589,214.40952079,215.31999999,1316.21734767,282881.16717849125
87,1588503600,215.51402395,215.762,213.23297924,213.8656155,2042.72724965,437934.01201967703
88,1588507200,213.84378986,215.0420407,213.73789081,214.12278369,1300.58224084,278993.6353312841
89,1588510800,214.0671129,214.0671129,211.0,212.9287998,3721.7239687,791938.994909086
90,1588514400,212.67727093,213.0312,211.06880002,212.52963096,2801.06195683,593252.547036812
91,1588518000,212.42723909,212.42723909,207.40230001,207.83939517,3543.96478289,743495.58997129
92,1588521600,207.79077905,209.2077686,205.07416147,208.26708495,4476.4290745,927225.2257012463
93,1588525200,208.06899819,209.59316326,207.06649982,208.8615461,1498.56595792,312862.5438383729
94,1588528800,208.82507555,209.61914599,207.05882352,208.1543426,941.65644846,196127.4045295493
95,1588532400,207.83511569,209.023,207.71837649,208.10024979,989.05130403,206013.1620230633
96,1588536000,208.05953872,209.05660929,207.91319619,208.864719,867.26675396,180962.1677305997
97,1588539600,208.88912543,209.06706083,206.65204368,207.8518783,1197.4489389,249020.28011444607
98,1588543200,207.80516496,210.57073296,207.28216291,209.39499999,775.00744052,162332.2652836509
99,1588546800,209.6343,211.38217683,209.6343,210.02098864,1480.8199263,311627.8726740911
100,1588550400,210.16863977,210.480608,209.25595248,209.81369241,1249.78727619,262288.0829699426
101,1588554000,209.90436342,210.57764791,207.54435962,207.80170001,2763.21932721,577216.0274968448
102,1588557600,207.71832133,208.707707,202.0,203.47975169,7635.93694261,1565213.146655199
103,1588561200,203.62181823,205.11565026,202.94117647,203.54141599,1742.32987476,355590.406054476
104,1588564800,203.82954706,204.40492989,202.82348435,203.49098272,1992.68788165,405836.4019314626
105,1588568400,203.52150954,203.52150954,197.33000001,198.92029483,4910.74201359,983895.6721785242
106,1588572000,198.99953877,199.6369431,195.0,198.06755991,4621.67380118,909926.9367787292
107,1588575600,198.057657,199.8257,197.30378896,199.0,1804.95093781,358558.92764086125
108,1588579200,198.79382954,199.47378042,197.49485666,199.37057506,2776.67594149,551895.803108728
109,1588582800,199.32419272,202.22293235,199.32419271,202.06948505,2617.53948187,526219.5685721022
110,1588586400,202.14857058,202.21965316,198.10770806,199.0,2568.9100613,513136.40105639247
111,1588590000,199.12888092,200.93907882,198.04445686,198.76031705,1506.99010221,300960.0781663512
112,1588593600,198.82554943,200.47692576,198.26261363,199.56502386,1192.99621139,237679.22522936336
113,1588597200,199.64789541,203.30289988,199.30840767,201.31195424,2193.31851046,442256.2244174737
114,1588600800,201.41192705,205.88235294,201.39237566,205.62642049,1924.72538525,392034.53877364425
115,1588604400,205.77015861,206.9518,203.6,203.72403896,4261.97675781,874144.7618971386
116,1588608000,203.81217464,206.24228821,203.81217463,205.77071358,1095.45462363,224871.25746055448
117,1588611600,206.14994897,206.74246364,203.04932394,204.48915643,2020.93873435,414251.2306729144
118,1588615200,204.59315028,205.26639999,202.35294117,203.52538761,923.75903593,187849.587124803
119,1588618800,203.68076908,205.19096386,203.66665378,203.93680522,885.07805405,180921.2697494022
120,1588622400,203.89980972,204.80014008,202.68723844,203.71935769,1256.57274503,256132.69819204026
121,1588626000,203.65679548,207.43259009,203.65679548,207.0,1158.3937944,237873.7041768696
122,1588629600,206.96268132,208.49311548,205.88235294,208.42074135,476.01957243,98610.67526665097
123,1588633200,208.48477582,208.92719699,206.62129775,207.29716191,698.02974621,144939.04739593307
124,1588636800,207.30301756,208.16545599,205.4653173,206.58663091,863.76849674,178409.88646803732
125,1588640400,206.59105062,208.60169998,206.47058823,208.5021068,344.60613695,71411.9897258897
126,1588644000,208.65675228,208.65675228,206.47058823,207.60462412,291.76807259,60526.30306067678
127,1588647600,207.60121241,207.60121241,205.20408163,205.61929256,464.43321651,95842.58267917426
128,1588651200,205.41103342,206.50966403,204.46620601,206.10809277,252.76758332,51926.729622092855
129,1588654800,206.51564736,210.41240001,206.49837462,209.67,866.79981733,181271.9547666526
130,1588658400,209.70757797,211.57488198,208.44481718,208.58279843,1072.76050935,225118.18772524362
131,1588662000,208.70750146,209.57101751,207.55,209.04657741,1121.54632944,233579.94783721506
132,1588665600,209.05080003,210.1053,208.26530612,208.42036458,2270.01451698,475147.09039785253
133,1588669200,208.26530612,209.6878761,207.89060619,209.17571509,1374.02031478,286920.3732678841
134,1588672800,209.13441808,209.50829759,206.41929175,206.623,2024.00727063,422349.50608737924
135,1588676400,206.50528799,206.50528799,201.12758607,203.387101,5276.7817622,1072812.7800511217
136,1588680000,203.22503661,204.66528934,202.95616677,203.46972997,1380.4661152,281555.5712908727
137,1588683600,203.16326531,204.22486824,202.39315772,203.60102697,1541.60426378,313561.92350636894
138,1588687200,203.52059278,205.9957,202.51956641,204.79606321,1547.18293926,316869.00860180927
139,1588690800,204.75070576,204.75070576,203.07807461,204.06562837,2292.83098871,467092.64406817785
140,1588694400,204.00612247,205.14404691,202.71400003,203.57252876,1623.97248345,330953.71000501735
141,1588698000,203.47917095,204.81033811,203.1632653,204.04899999,1876.06975781,383117.8895541717
142,1588701600,204.03413268,204.69387755,203.036382,203.54184586,1709.92700221,348919.479050789
143,1588705200,203.60551006,203.90160692,203.08000001,203.64,1086.41558297,220909.15442995692
144,1588708800,203.47088999,204.25,203.29173268,204.03985299,884.07973488,180174.05837167875
145,1588712400,204.14857799,205.25429464,204.04152955,204.72919475,727.52843204,148949.58205192626
146,1588716000,205.05735938,205.80636498,204.69387755,204.69387755,657.44320279,135064.94331621352
147,1588719600,204.91993812,205.24863675,203.83782686,204.81427853,1160.54783891,237023.54268928635
148,1588723200,204.84684222,205.60141831,204.18367346,205.35072249,1635.86231678,334966.473130422
149,1588726800,205.24489913,205.6201871,202.0,202.60283693,1931.68785892,393125.7654005851
150,1588730400,202.68632318,204.84668154,202.41447821,204.52222668,1248.23081725,254321.66272395934
151,1588734000,204.42268656,204.76380791,203.5,204.52219464,845.2081769,172524.25210241077
152,1588737600,204.52219462,208.78990656,204.25542117,206.63643034,2141.48463071,442736.43698371126
153,1588741200,206.9696707,208.44717344,206.44937945,206.44937945,1626.75942115,337600.6518948358
154,1588744800,206.52625089,207.47053415,205.80247431,206.61699981,838.08622727,173240.38638658402
155,1588748400,206.73469387,207.64436276,206.44342972,207.24489795,1200.29989506,248601.65815595555
156,1588752000,207.31867747,208.5,206.67912208,207.68593695,1012.18739719,210072.6390135485
157,1588755600,207.50412171,209.39135838,206.31987569,207.02965041,2368.44042955,492524.45816038
158,1588759200,206.96248311,208.11233816,206.91724391,207.87,404.78985438,84051.51618707851
159,1588762800,208.12274277,209.73744181,207.4093221,208.81049963,1413.73151738,295047.60427680286
160,1588766400,209.13018793,210.58749108,208.51582647,210.23251286,1345.83439603,282236.8237704232
161,1588770000,210.13197545,210.71787811,207.83534113,207.83749581,2814.47490886,587880.1048782408
162,1588773600,207.93819264,208.49856887,206.56189138,207.75510204,2556.94206628,530266.3043956014
163,1588777200,207.75510204,208.07740345,207.25711949,208.02909954,1383.47344615,287348.4149798584
164,1588780800,207.97863557,208.7755102,207.90198814,208.2879368,1287.31244646,268169.8302298898
165,1588784400,208.2424796,208.84684924,207.32573618,208.39898732,1276.513501,265800.7741853823
166,1588788000,208.39898731,208.40709179,207.34996147,207.89092226,908.68324223,188783.04410532114
167,1588791600,207.83313675,207.83313675,206.52309074,206.86940327,1557.70862008,322653.8485477857
168,1588795200,206.84765927,207.38626048,204.5,204.94047387,1805.71680617,371644.354710929
169,1588798800,204.59158361,205.71428571,203.409897,205.35994159,1597.69215404,326734.83335752523
170,1588802400,205.31,206.26432525,205.21135418,206.08208062,379.7968764,78164.43018756418
171,1588806000,205.9812449,206.59999998,204.5502312,205.84732894,1836.063123,377261.83410227305
172,1588809600,205.85761943,206.11377401,198.0,199.08163265,5486.65531278,1107832.0782308108
173,1588813200,198.96889675,203.26441221,196.6959,202.91207637,7443.52683167,1493570.210734989
174,1588816800,202.90884306,203.18510533,201.66366601,202.49509344,1096.70529559,222188.29010086507
175,1588820400,202.65306122,208.27778042,202.14285714,206.5832041,2934.53108693,603396.369423151
176,1588824000,206.73469387,207.0232319,204.90769876,206.0332054,1802.41680879,370862.7557316713
177,1588827600,205.67505383,206.78966334,204.28166861,204.75044347,1599.12858322,328764.67452273093
178,1588831200,204.86382074,205.38419898,204.0266588,204.55001594,1174.78056249,240629.24878184855
179,1588834800,204.77759494,205.13338624,202.91112273,203.15077974,951.38104084,194203.61785867254
180,1588838400,203.13744044,205.04456081,203.09379736,205.04456081,770.43403909,157355.80594194026
181,1588842000,204.75968241,206.05685407,204.08194092,205.85023517,966.9111728,198124.7226447948
182,1588845600,205.81833181,205.81833181,204.03021048,205.54006787,1586.56369989,324987.7040232841
183,1588849200,205.56725085,205.81502233,203.80607227,204.21741972,576.07193447,117981.03226679577
184,1588852800,204.34238735,204.55530168,203.48896834,203.89322681,208.88794677,42641.220828603204
185,1588856400,204.28939323,207.6592,203.61637658,206.89847284,1051.36660048,217288.88185666135
186,1588860000,206.89847284,208.7755102,205.4740317,206.08873825,2528.28242652,523393.307832815
187,1588863600,206.2638,207.27569751,206.12022541,206.52039184,1158.74832547,239462.31630936774
188,1588867200,206.45773904,207.1356465,203.80354224,205.95890387,2564.1914522,526856.259116146
189,1588870800,206.02545041,206.72435856,204.36178185,205.94399613,3032.63121406,623050.8054701794
190,1588874400,206.05120282,209.66548673,205.0,208.19979502,6009.58765309,1246620.04357285
191,1588878000,208.20240573,214.99226487,208.20240573,212.71407229,3626.57601828,770224.2051400925
192,1588881600,212.69181586,213.85960984,212.20590001,212.94624314,2026.34161063,431643.31597853405
193,1588885200,212.99248628,214.03285893,210.589,211.633,1066.71829631,226686.29364025712
194,1588888800,211.65466396,212.68974227,211.06760541,212.23956749,377.52555832,79916.82117679762
195,1588892400,212.31871984,213.1088736,211.44053937,212.6546695,635.37286871,134963.5103624018
196,1588896000,212.85714284,213.36734693,211.70966621,211.80220693,1979.06878509,420777.38804313214
197,1588899600,212.01650144,215.51531699,211.83673469,215.51531699,879.03656303,187282.08324450406
198,1588903200,215.612,216.46593528,213.45857732,214.32134416,812.08398181,174390.89058700454
199,1588906800,214.07371664,214.26900323,211.08523988,212.65,452.03620471,96053.22783505899
200,1588910400,212.69480745,213.0,211.1,212.91157853,828.51209833,175872.70260798975
201,1588914000,212.91157853,212.91157853,211.65248031,212.24487561,373.92860596,79352.65332122592
202,1588917600,212.20011828,212.20011828,209.24930592,210.30612244,2113.60257918,444426.2057983509
203,1588921200,210.30612244,210.30612244,207.04828178,208.0967075,1634.39076281,340172.8470185841
204,1588924800,208.2027138,209.69550492,207.40358045,209.35843345,677.02537076,141224.82228435297
205,1588928400,209.44655404,210.49447,209.31167305,209.36517509,521.04990401,109334.64334264195
206,1588932000,209.36517509,210.39466616,208.9311031,209.64793482,531.30717308,111367.49885798045
207,1588935600,209.6008292,211.82325292,209.43670434,211.81266209,1460.95129014,307792.76294926077
208,1588939200,211.74914292,211.86681884,210.74897656,211.30830846,1545.81876901,326711.6419176859
209,1588942800,211.34564616,211.34564616,209.44620002,209.63547632,1276.04313076,268160.73134241207
210,1588946400,209.43068267,210.81632653,209.42664821,210.54270207,771.99445288,162306.6881018386
211,1588950000,210.58628971,212.50743539,210.45097913,211.41625968,1988.28847541,420734.9530485216
212,1588953600,211.32653061,212.67000817,210.97211699,211.33545191,1668.48379634,353375.35676282155
213,1588957200,211.37266419,214.89795918,210.64120329,214.56405853,2381.84361953,508699.8653642434
214,1588960800,214.56619025,214.74825064,213.18721484,213.8497603,876.18459001,187340.43718467647
215,1588964400,213.84970842,214.77080863,212.10066877,212.3298,546.17328579,116693.10785798573
216,1588968000,212.33632623,213.28473583,211.82759159,212.86360016,1163.23384867,247321.4909207162
217,1588971600,212.86360016,214.19032732,212.20958905,214.11999999,325.35097057,69368.89919401107
218,1588975200,214.11401272,214.642428,213.4,214.52892432,301.32695481,64511.29015885888
219,1588978800,214.54834525,214.76129973,212.0671204,212.61928309,1631.96629561,348288.52946889
220,1588982400,212.55958112,213.1626118,210.80556037,211.45302593,1889.91242682,401062.6639834702
221,1588986000,211.35329061,213.13911701,209.51399956,212.85961213,1669.90719193,353320.2940054928
222,1588989600,212.84875047,214.6,212.05000001,213.12311736,748.62614154,159854.26295774482
223,1588993200,213.0234421,213.7601151,212.27642531,212.61752065,821.83123354,175061.41240810088
224,1588996800,212.6281504,213.71860337,212.6281504,213.71860337,140.01180324,29846.505836156066
225,1589000400,213.76116578,214.0,212.16020001,212.61471805,179.02828592,38134.11372735602
226,1589004000,212.46353142,213.61388375,211.43865516,213.60483837,566.72447876,120410.27421295158
227,1589007600,213.62587446,214.1,210.87690002,212.09,1194.03753946,253620.5056082064
228,1589011200,211.92657093,213.04616451,210.23183669,210.77437125,1354.96844649,286780.70924223016
229,1589014800,210.72310006,212.0,210.63057289,211.96226363,1271.31008754,268905.1823471729
230,1589018400,211.95696458,212.26581,211.32653061,211.87913092,1316.50034977,278947.77609609085
231,1589022000,211.88112582,211.88112582,209.9,211.15304321,2200.13051445,463772.69434238446
232,1589025600,211.13454939,211.37961363,208.6,210.24643487,2970.36171472,623673.3095361186
233,1589029200,210.25072551,211.23699311,209.6,210.65943707,2071.96390928,435703.51088547776
234,1589032800,210.66897012,212.04974834,210.01523593,212.04974834,710.18518523,149843.54535211922
235,1589036400,212.17386321,213.14484677,211.63284064,212.77115485,724.99171456,153833.29289478104
236,1589040000,212.79583101,213.11403843,211.71000002,212.96322905,369.53437491,78417.7552870677
237,1589043600,212.96322905,214.23814658,212.73000001,212.80175187,1836.63089284,392111.49646364414
238,1589047200,212.80175187,213.54608604,212.2814119,212.85738878,368.42038196,78463.99933522652
239,1589050800,212.85714285,212.85714285,211.06832406,211.13282274,2058.07365791,436498.65458155936
240,1589054400,211.13282273,212.70764678,210.6779661,212.34502316,1371.36861527,290192.3137662146
241,1589058000,212.37563221,213.32556308,211.77825607,211.97674426,1188.92848395,252781.0900754191
242,1589061600,211.95974661,212.15893211,210.74661281,210.80931174,634.32805231,134077.4208442349
243,1589065200,210.80931169,211.94915251,210.16850167,210.99966899,654.22320484,138005.18178487703
244,1589068800,210.91219634,211.70312682,209.88161942,210.1748514,1601.4543907,337550.2758753473
245,1589072400,210.1692862,210.1692862,181.00000004,192.54853463,17664.83377388,3445439.491736024
246,1589076000,192.06722556,192.48824675,188.86852324,190.46082316,4453.26347978,851463.8487187688
247,1589079600,190.32838258,190.32838258,187.48916518,187.8,1506.273358,284432.93869454216
248,1589083200,187.8,187.8,182.07388799,185.85929431,5583.99400815,1037674.0039257386
249,1589086800,185.72399499,186.12469396,183.56008862,186.12469396,2543.9341912,470400.42841182597
250,1589090400,186.14382853,187.90197797,185.92979817,187.6849887,2228.43954927,416380.10241427354
251,1589094000,187.49576583,187.84825407,186.61513209,187.36873912,1394.66071306,261321.55259728158
252,1589097600,187.2,191.09026563,187.10935617,190.6802374,1978.0931253,374233.6732091543
253,1589101200,190.55757806,192.9,190.16736998,191.08065901,2639.41147233,504955.0709576841
254,1589104800,191.13641669,191.90040571,190.47315252,190.47315252,1485.25551221,283783.6014867854
255,1589108400,190.49070001,191.20769768,189.299,190.97709388,1272.38188999,242047.70156356235
256,1589112000,190.76768006,190.83857359,188.22000001,189.7173903,1990.59682832,376635.71464918467
257,1589115600,189.63700715,190.17078901,188.94308557,189.49838559,799.99455327,151580.66166982806
258,1589119200,189.45958534,190.91083589,189.19647563,190.35244101,922.48934699,175292.1530244287
259,1589122800,190.32523348,190.55276015,186.30000002,187.52895139,1727.64025241,324885.1945264994
260,1589126400,187.44750171,189.208283,187.09572837,188.35,3105.17252254,583978.5450299834
261,1589130000,188.32668131,189.60807776,180.1627,180.1627,10410.1697622,1923474.7777183366
262,1589133600,180.391,184.87040562,180.391,184.5357579,6206.65661042,1140371.7007690142
263,1589137200,184.66358691,185.78567197,183.60040026,184.17120359,3991.27388503,736712.4205629553
264,1589140800,184.44969066,186.37566823,184.44969066,185.25964628,2112.88464746,391379.816748228
265,1589144400,185.28876285,189.42461466,185.28876285,187.94785911,4461.86347854,840948.7032639498
266,1589148000,187.83932497,190.59041044,187.63613512,189.0884817,798.82043068,150820.40053307617
267,1589151600,189.25995276,189.73781411,187.86040186,188.42063858,1489.94666783,281246.8185609949
268,1589155200,188.44128483,189.20027098,184.9633,187.58602404,5247.56390139,982859.6366959191
269,1589158800,187.664,191.00978,187.664,189.88709616,3090.97060654,585387.0775898914
270,1589162400,189.94680073,190.35999999,188.37892406,188.97575827,1857.98055352,351788.2548372398
271,1589166000,188.81312292,190.50303182,188.58745614,190.09782166,1275.68835038,242071.08810401437
272,1589169600,189.98549576,190.30211419,188.12145563,188.65056732,1614.84194853,305154.9091698647
273,1589173200,188.51828361,188.93893806,186.92946342,186.93138148,1735.00658633,326354.0962842633
274,1589176800,186.89044867,188.23918983,186.6818595,187.92363447,705.00070607,132176.66684072715
275,1589180400,188.01359088,188.56362112,187.61802193,187.88773509,418.91780981,78752.38331064553
276,1589184000,187.55836368,188.04194339,185.69561719,187.23213701,2092.62103669,390752.7663732879
277,1589187600,187.33,187.79482883,184.08134606,186.28652075,3342.63140011,622113.9376553949
278,1589191200,186.46131968,186.46131968,183.92443,183.92443001,2467.78020889,456823.88141167787
279,1589194800,183.94080312,189.08,183.94080312,187.62136872,2665.33805647,499679.87779458077
280,1589198400,187.81612577,189.85919235,186.84910318,188.96458197,3473.18802306,653991.1489643147
281,1589202000,189.0080229,193.5,187.34693877,187.34693877,4925.54861412,936316.8691632128
282,1589205600,187.25558519,188.72988852,186.39640001,187.56970001,3062.1417707,573656.1392606869
283,1589209200,187.73203223,188.57209627,187.25127627,187.88577448,2608.9658892,490592.1605445668
284,1589212800,187.95013941,188.93405837,187.08507115,188.30120907,2070.38179385,389793.20825942914
285,1589216400,188.2524886,188.83822399,180.6,183.6466833,4733.00619846,871431.1941061396
286,1589220000,183.4226396,185.15646992,182.39655446,183.40450001,3339.81675054,614770.2807173502
287,1589223600,183.43937445,184.78956503,176.13411746,183.62818786,8320.29829157,1503497.3452069608
288,1589227200,183.80830051,187.76280436,181.12225463,187.22369628,4135.36678529,760272.9939586166
289,1589230800,187.3173893,188.0682,185.20342957,186.592,2624.49522381,489354.7604640905
290,1589234400,186.55,188.15608649,183.673,185.30612244,814.18861886,151257.9343476239
291,1589238000,185.69577,186.42767778,184.91,185.86873388,619.80000519,115103.26960236761
292,1589241600,185.74003883,186.53061224,183.77532,185.67492796,2311.72834905,428456.5629817956
293,1589245200,185.67492796,188.08481138,185.63156627,186.88132386,1352.26254157,252745.33404962448
294,1589248800,186.79440002,187.68339657,185.99387254,187.34574935,915.49332019,170911.89917734568
295,1589252400,187.4367683,189.23844,187.02354799,188.13606645,878.31626936,165060.0174975322
296,1589256000,188.10468942,188.76711092,187.62599999,188.67843186,938.57349953,176610.32280273573
297,1589259600,188.61267333,189.14010571,187.23812788,187.81880388,443.45016099,83466.6126333473
298,1589263200,187.85,189.3703323,187.85,188.46905108,1179.39294851,222643.8722129499
299,1589266800,188.47374647,189.17303638,187.83860703,188.4,1345.72236007,253643.02262950435
300,1589270400,188.5603489,188.89055491,186.83314618,188.03303329,1664.17091322,312786.3987555583
301,1589274000,187.9430274,189.8,187.76449193,189.72142639,1323.97199752,250274.64071532435
302,1589277600,189.79591836,191.02040816,189.59351101,189.62985355,2050.7908762,390287.0623168756
303,1589281200,189.90961424,190.51600194,188.71874046,190.38381276,1571.97066374,298339.619235575
304,1589284800,190.30772248,190.94613573,189.89788268,190.88402942,1058.86854548,201462.21740790823
305,1589288400,190.91536155,191.2141538,189.5605895,190.24423661,1753.83376038,333667.8233749334
306,1589292000,190.29179508,190.34380729,188.45276584,190.09324085,1501.24153556,284583.64409153006
307,1589295600,190.34070482,192.08283277,190.34070482,191.14019443,1464.63221052,280004.6863339523
308,1589299200,191.14019443,191.58490922,190.59530698,191.10894859,396.90638305,75833.19948425796
309,1589302800,191.17560651,191.68328499,190.30293757,191.09425567,788.59742174,150618.73928612226
310,1589306400,191.08608386,192.12,190.09324085,190.90498745,738.3576753,141147.64681233175
311,1589310000,190.81309669,191.04832418,190.3475,190.54460764,648.28756996,123635.37548986926
312,1589313600,190.53210902,191.42857142,189.3877551,189.56122762,1187.0392037,226194.03544331234
313,1589317200,189.63464761,190.20408163,188.6424,189.65465752,509.68323089,96630.83632667542
314,1589320800,189.61583334,189.90938535,186.80829689,188.1632653,460.03965624,86435.27192062452
315,1589324400,188.42020001,190.07459289,186.93877552,189.56631135,789.1102204,148832.5034232311
316,1589328000,189.70916265,190.3130752,189.20590219,189.85287081,214.4707956,40669.12766110914
317,1589331600,189.79591836,191.05284194,189.38052961,191.03394155,796.72937456,151703.3119696088
318,1589335200,191.11424624,191.231901,190.31592446,190.58983133,404.10764544,77056.76599111996
319,1589338800,190.90799998,191.25058687,190.16501431,191.115244,307.29512595,58619.44146322529
320,1589342400,191.18790912,191.38455556,190.45660036,190.66532124,204.8524978,39128.76856027794
321,1589346000,190.80059403,190.85157788,189.92875881,190.63440401,245.28467292,46713.05194555429
322,1589349600,190.634404,190.72753962,189.85457782,189.93588849,219.13084313,41693.24126933343
323,1589353200,189.99810939,190.5449159,189.83958891,190.48800004,428.6094274,81526.6334404402
324,1589356800,190.48800001,190.50705816,189.80000001,189.91202427,194.33625626,36938.29389041023
325,1589360400,189.91202425,190.30915644,188.51336572,190.16271035,575.67001057,108922.93325218497
326,1589364000,190.18780967,190.39816237,189.74298513,190.22243834,522.34300834,99292.49842271596
327,1589367600,190.22971095,190.54631465,189.6027105,190.51248259,656.39765575,124797.50286905604
328,1589371200,190.61224489,191.23190099,190.04180045,191.08224773,837.17643139,159552.28949822817
329,1589374800,191.231901,194.55000001,190.74994798,194.08765335,1757.09901385,337763.79858506215
330,1589378400,194.16239182,195.01,193.3231553,194.59170442,775.78603567,150581.61012591157
331,1589382000,194.66286908,198.0,194.66286908,196.57549496,1642.51876591,322604.28322878736
332,1589385600,196.57549496,198.42966193,196.41823392,197.95918367,1008.02894474,198944.6957285761
333,1589389200,198.06422053,199.2209,196.07942161,196.76761189,988.44984441,194650.78045533766
334,1589392800,196.72736522,196.72736522,195.47447866,196.48989674,539.48369878,105781.62988412616
335,1589396400,196.65033764,196.85576576,196.17187014,196.21093726,49.75514369,9780.94821368935
336,1589400000,196.37850326,196.98636121,195.96862871,196.78070206,178.06201505,34976.257042948855
337,1589403600,196.87086559,198.8169,196.59370981,197.9066141,616.8470995,122017.19155540185
338,1589407200,198.36734691,200.93686441,197.37673469,200.6172,1344.74429308,266974.96949493873
339,1589410800,200.52716557,200.97042228,198.36734694,199.24145124,521.99017384,104317.30619488156
340,1589414400,199.27134709,200.05784098,198.59844726,199.60580779,733.79326385,146293.79484729315
341,1589418000,199.66396962,200.75610559,198.11223824,198.38123068,795.79638656,158613.54508174534
342,1589421600,198.38123068,198.93073008,197.14285714,197.40697125,478.28256621,94646.15410792426
343,1589425200,197.25834884,198.88768,196.7344976,198.8364219,334.4372148,66070.39546646432
344,1589428800,198.71640413,199.15645726,197.896,199.15645726,585.37787783,116143.3700951927
345,1589432400,199.09486094,199.09486094,197.77099999,197.7782262,366.97107883,72711.50760000647
346,1589436000,197.77099999,199.53592704,195.73328881,199.293292,1204.49372037,237730.2572744134
347,1589439600,199.04546045,199.41019952,198.41719177,198.91271964,422.69184975,84108.0230261611
348,1589443200,198.8193528,200.70644155,198.421713,199.85004626,563.03350183,112561.0468679138
349,1589446800,200.01000344,202.4,198.7755102,201.85380242,1586.35022118,317986.7596136567
350,1589450400,202.01999999,205.20679774,202.01999999,204.65693833,2244.47075402,457824.61595981626
351,1589454000,204.81819863,205.97090936,200.64786676,201.99915281,2224.27869067,451833.4113506161
352,1589457600,202.07897506,204.25345862,202.07897506,202.44,2700.32207212,549022.2438060448
353,1589461200,202.56068323,202.68026647,200.81632654,201.6151825,1990.45074194,401465.3118199991
354,1589464800,201.46873786,202.08131843,200.77786909,201.6610927,872.5956747,175848.54558757885
355,1589468400,201.55926865,203.13713695,201.22448979,202.01072003,1731.30719931,350126.08135195344
356,1589472000,201.97032468,202.55338233,201.01825231,202.46960826,2368.22730859,478347.55067127815
357,1589475600,202.44862127,203.00571002,197.27826016,199.08567454,4243.77629899,847485.8472176766
358,1589479200,198.79896276,199.17271586,196.3363492,197.99290401,2237.82029936,442629.98852852854
359,1589482800,197.94200278,200.33818199,197.61834261,200.06795919,546.83811799,108837.68117862922
360,1589486400,200.14014751,204.49999999,200.14014751,203.35406588,2179.77517275,441820.48323037755
361,1589490000,203.57145687,205.200003,202.07000001,202.87999996,2933.81929996,597096.7392113244
362,1589493600,202.71531817,203.21385419,202.13427677,202.93416852,596.12448688,120856.7634057698
363,1589497200,203.11923513,204.44412639,202.87610979,203.66608652,1572.27712603,320417.9441304842
364,1589500800,203.645722,203.91295485,202.61793755,203.13106065,1130.4495678,230015.23060016544
365,1589504400,203.41863208,204.0049697,202.08338914,202.61250019,2293.83096752,465497.7945667125
366,1589508000,202.61486963,202.90631443,201.5,201.65375407,1241.96562965,251314.1045580732
367,1589511600,201.69214395,201.75996706,197.2,199.38929799,7579.13123415,1511373.5416070614
368,1589515200,199.21839763,200.79599422,198.95086173,199.49098428,1826.75964681,365094.99758825917
369,1589518800,199.40001,199.98121656,198.66656053,198.69109822,1286.89766476,256405.26351408003
370,1589522400,198.90207365,199.79313647,198.57159287,199.65695725,555.78359936,110629.75185147466
371,1589526000,199.70614653,201.43460194,199.65695725,200.59106577,1477.850269,296259.206612563
372,1589529600,200.59106577,201.9256639,200.48071548,201.24502467,1894.53083103,381155.5389586188
373,1589533200,201.16049132,201.22448979,200.19588206,200.24757539,1110.73320493,223117.4004952144
374,1589536800,200.18587264,200.39964816,199.4,199.66236437,752.10110092,150258.5182032159
375,1589540400,199.59018456,200.36080002,198.94522351,200.0255518,1236.98534479,247019.53516365562
376,1589544000,199.99272716,201.57049766,199.95234321,200.98995286,2084.28918952,418802.46675713005
377,1589547600,200.98995284,200.98995284,198.92125429,199.63212372,3126.1112812,624604.3435876203
378,1589551200,199.48815497,200.40816325,198.85360001,199.63685103,1601.21301026,319787.4707035276
379,1589554800,199.84151368,200.4684142,199.7615095,199.82717919,1507.49403389,301743.0461992417
380,1589558400,199.77750479,199.77750479,196.74453176,197.9002114,2904.52666212,576379.1287394487
381,1589562000,197.88042387,198.80603694,197.44918469,197.55102041,1882.44713305,372847.23978775414
382,1589565600,197.5510204,198.93327226,197.09999999,198.33150233,744.35136594,147445.1038337801
383,1589569200,198.32476919,198.9742731,198.01872469,198.06866744,1415.54480785,281014.55114086973
384,1589572800,198.045,198.18687588,194.19,194.93,3317.33992112,647963.0902784988
385,1589576400,194.83771102,195.19343313,191.80186318,193.60999999,2509.87487561,487263.2850729261
386,1589580000,193.5543934,196.60654632,193.06122451,196.12373503,1618.60363579,314318.7696376552
387,1589583600,196.39563774,197.9247,195.87545494,196.21907643,594.59970491,116930.86522895184
388,1589587200,196.34756624,196.73469386,194.12442385,194.805,1001.71824673,195646.06448472044
389,1589590800,194.73038849,197.04934249,193.30645068,196.74609159,1535.11495208,299330.8943845598
390,1589594400,196.80900448,197.93243616,195.87548332,197.20972236,502.86921728,98969.86640158336
391,1589598000,197.27836436,199.53002523,197.27836436,199.0204304,1312.82690608,260766.17289932808
392,1589601600,199.02043039,199.71000009,198.24889282,198.67152777,979.14401077,194647.11168746176
393,1589605200,198.65143476,201.58789844,198.55519468,201.58789844,1450.61685553,290037.38742766256
394,1589608800,201.59657234,202.39216001,200.22951664,200.64656331,1094.09850432,220056.84019154878
395,1589612400,200.38117317,201.0445549,200.06074551,200.92719438,396.07181634,79473.88931224759
396,1589616000,201.05133242,201.44686407,199.46601885,199.52242994,605.24136529,121174.07611237228
397,1589619600,199.52049896,200.61731484,198.75,200.61731484,959.63700059,191590.90257992336
398,1589623200,200.64789993,200.74999999,199.1463,200.17098061,735.12027975,146891.4908865024
399,1589626800,200.17098061,201.21643091,199.50129134,201.00297402,369.51046792,74063.76990198175
400,1589630400,201.00208172,201.19729283,200.02154487,200.30020451,290.3578314,58240.84204693994
401,1589634000,200.32949039,203.36848448,200.32949039,202.37959476,1185.25877807,239790.13206170528
402,1589637600,202.37959476,203.2428204,201.57441972,202.02910707,2118.88179464,428689.33846579626
403,1589641200,202.2403394,202.6106813,200.13940002,201.22448979,542.13187873,109168.56258227935
404,1589644800,201.26474307,201.47390057,200.09327875,200.6909664,994.85347558,199873.7313710913
405,1589648400,200.61641138,201.32479701,198.6776762,200.22778447,517.97109054,103663.9264071567
406,1589652000,200.26442457,200.63080712,197.79858336,198.70730319,762.87027212,151972.07883082895
407,1589655600,198.63663369,199.44177482,198.14976785,199.05815413,741.18573788,147446.81913419586
408,1589659200,198.93792716,200.40816325,198.51829176,200.09346278,522.47139286,104466.89535916713
409,1589662800,199.96125314,200.68632812,199.60978816,200.15394416,194.44259186,38918.76019279035
410,1589666400,200.1711466,201.88110878,200.05486298,201.63696469,368.51998291,74078.78931009796
411,1589670000,201.5,202.0,200.81632653,201.48305905,145.3292193,29264.20263416411
412,1589673600,201.43367636,201.76971467,200.4,200.45719122,358.65793245,72058.20954335904
413,1589677200,200.44395966,201.98717355,199.70211218,201.97109026,565.84839368,113713.65065798875
414,1589680800,201.97109026,202.56987194,201.42749347,201.46115514,888.78643261,179527.2268802941
415,1589684400,201.4468566,202.3396807,201.41742114,201.76027938,598.53945729,120861.42251508046
416,1589688000,201.74855897,202.12816763,201.36277024,201.50550763,1130.90295476,228128.32083239694
417,1589691600,201.58745417,202.04081632,200.65713944,201.0490607,1326.06911379,266904.1349874719
418,1589695200,201.07244922,201.48334876,200.55974059,201.03692304,2201.76118561,442569.4593380282
419,1589698800,201.04736429,202.3983156,200.8719,202.25400813,1273.4747653,256748.8457478916
420,1589702400,202.34842907,202.7,201.72293915,202.18640948,1269.6114501,256619.2211766721
421,1589706000,202.19583741,202.32572124,201.00835056,201.11820995,1726.5177902,347922.41467268026
422,1589709600,201.00835055,202.04081632,200.83833584,201.3792,785.92258123,158352.1780905566
423,1589713200,201.40437369,201.91069707,201.30096983,201.80419562,828.95731063,167197.3290697984
424,1589716800,201.88430606,201.88430606,200.89516546,201.32190422,875.31683384,176137.6480071104
425,1589720400,201.32190422,207.32223156,201.32190422,207.0102,3295.92299045,672668.1276505882
426,1589724000,206.99979999,207.62213507,206.18585396,206.93118383,1783.93877297,369115.6818861669
427,1589727600,207.0,209.72041769,206.53061224,209.01959378,1216.7879045,253266.64873419085
428,1589731200,208.99269322,209.44446299,207.59180337,208.65526292,1037.78565321,216520.13023855674
429,1589734800,208.67832412,209.14837382,207.1853774,207.67044731,885.54771664,184419.4732944574
430,1589738400,207.64426763,208.20563434,207.39033112,207.96878944,322.34177702,67006.8548873104
431,1589742000,207.95716308,208.07044367,206.3194562,207.67638494,686.69483746,142125.9041587604
432,1589745600,207.68464295,207.9923336,207.16780178,207.85912263,610.38588351,126736.42151699172
433,1589749200,207.87274952,208.05943002,207.30357906,207.90596316,680.65023393,141343.6632709087
434,1589752800,207.9478456,209.9504,207.9478456,208.90746296,782.494648,163513.73327930158
435,1589756400,208.90967313,208.90967313,206.2297584,207.52901402,1066.85649178,221179.07256343236
436,1589760000,207.42464752,207.91906455,206.42933869,207.05940415,1107.46123744,229551.96364330593
437,1589763600,207.09459996,209.10297178,207.09459996,208.65652082,1535.46762349,319769.53086359194
438,1589767200,208.55671574,215.08880402,208.21196056,214.44338236,3896.68108554,829495.7795748503
439,1589770800,214.41715789,215.46522779,213.21216425,214.4582952,1148.59740226,246166.28855221154
440,1589774400,214.4582952,216.09363562,214.0,215.05744887,685.27866514,147330.3712724915
441,1589778000,215.07912876,217.0,214.57912382,216.47170982,1622.03663154,350463.8719479787
442,1589781600,216.47170981,216.92134012,215.39024721,215.54673006,1515.50029294,327640.5319794096
443,1589785200,215.48672853,215.91836734,213.66514212,214.4253051,1427.45418362,305989.08978428924
444,1589788800,214.42129898,214.91618541,213.45278728,214.11405579,1386.65758925,296939.17166752205
445,1589792400,214.11405579,215.29169747,210.54340273,212.25551157,4049.56377578,864324.3579619727
446,1589796000,212.25551157,212.79561094,209.21607014,210.79563533,3094.93956741,655402.7777235995
447,1589799600,210.70712067,212.34239518,210.61053088,211.98526396,2254.35010662,476601.8295631868
448,1589803200,211.94884425,212.85190989,211.77840596,212.10312482,1606.33890655,340852.3399265523
449,1589806800,212.11784278,212.38970712,210.62277656,212.25106754,1914.09278404,404918.2023103814
450,1589810400,212.25106754,212.94495537,212.1165816,212.54217283,1519.77885581,322934.841668984
451,1589814000,212.4911668,213.06122448,211.83673469,212.61877709,2760.98052792,587304.9769887634
452,1589817600,212.46125993,212.79235287,210.0950252,211.272,1871.34009674,395798.84003382106
453,1589821200,211.30991292,212.07256267,209.00000004,211.38631072,2136.39276568,449871.4554491227
454,1589824800,211.38031582,212.34239544,210.43636029,212.01807697,1373.25864631,290443.2277446125
455,1589828400,212.01046856,212.79210055,211.80941039,212.08794812,610.20083994,129517.91749002805
456,1589832000,212.08905696,213.42090947,211.84732732,213.07362362,745.69991501,158725.5161285857
457,1589835600,213.27830366,213.29905472,212.65306122,213.04803926,551.93811558,117509.68221905013
458,1589839200,212.99839061,213.58362588,212.6805862,213.37405238,565.44740246,120487.30747875507
459,1589842800,213.2242644,214.89742361,213.06122449,214.64748384,450.00792033,96392.01755959434
460,1589846400,214.61539192,215.31821228,214.10535471,214.86872345,327.25500202,70325.88890189232
461,1589850000,214.91403297,214.97850844,211.42857142,212.00102635,827.28970865,175829.1579656293
462,1589853600,211.99042642,212.74822772,211.64464662,212.49807662,178.00933364,37764.32475695616
463,1589857200,212.51391057,212.55110149,209.99030002,211.76753681,734.83276601,154955.61059277822
464,1589860800,211.79305546,211.98817075,209.75921441,210.43150276,622.86445504,131132.43858316162
465,1589864400,210.37122706,211.35042017,209.6,210.9119698,1941.39824828,408959.50784957845
466,1589868000,211.00505656,212.47988999,210.87446615,212.46612747,615.30692824,130232.10031322752
467,1589871600,212.47988999,212.64243014,211.62011309,211.95355236,107.49984822,22796.071559976892
468,1589875200,211.9219693,212.4056099,211.20217057,211.56259796,195.33203917,41391.55640617828
469,1589878800,211.52586213,214.989,211.49348672,214.40953814,2621.47183961,561389.3574791452
470,1589882400,214.40953814,214.69387754,213.83095839,214.09963744,506.00494005,108391.85791589376
471,1589886000,214.17571294,214.40521333,213.43,213.86930805,831.64115961,177940.4764171703
472,1589889600,213.88000202,215.9888519,212.26581,212.54272085,3392.18478911,726590.3850902651
473,1589893200,212.8008697,212.97942117,210.55139279,210.9178567,1938.40483497,410132.1742424104
474,1589896800,210.95426649,212.50539523,210.85130902,212.27856991,813.18286146,172220.93502919108
475,1589900400,212.27856989,212.868973,212.2566569,212.62044127,392.27851788,83408.04443584678
476,1589904000,212.62044127,212.62044127,211.65119221,212.3261121,711.45054209,150992.32283449298
477,1589907600,212.3261121,214.4665009,212.1011426,213.58195617,1774.58381645,378951.9884381921
478,1589911200,213.58195617,213.79921525,212.26580999,212.8997562,299.72826639,63785.244925956395
479,1589914800,212.85866957,213.44804497,212.66964663,213.04822411,444.14710777,94650.19801561836
480,1589918400,213.0798339,213.41033518,211.41087902,211.41213746,313.24641399,66636.8132603182
481,1589922000,211.47410412,212.53085481,210.35433341,212.47797875,707.34526262,149332.0604640617
482,1589925600,212.47797885,212.94735766,211.87062313,212.28761941,165.1972896,35093.15940068285
483,1589929200,212.29832803,213.9595,212.03197626,213.2453755,278.32790851,59271.64849363939
484,1589932800,213.28501614,214.69588411,212.69700465,214.5,288.89188007,61743.32104550457
485,1589936400,214.5,214.77355811,213.65154838,213.72194637,303.17528392,64912.22609670111
486,1589940000,213.71921534,214.50513941,213.46938775,213.89554743,314.9781702,67398.0666811823
487,1589943600,213.93754514,214.17265225,212.4097496,213.22790344,264.18550624,56385.44119195889
488,1589947200,213.21064488,213.82291629,212.56430002,212.92804014,434.58299419,92669.82997442865
489,1589950800,212.79888559,213.46938775,212.56583212,213.27433659,157.83747554,33669.67762633449
490,1589954400,213.26299343,213.69,213.0718787,213.6353005,253.78512525,54178.0840200951
491,1589958000,213.61536868,215.51531699,211.88612576,212.78014752,2293.61114969,490522.5371347928
492,1589961600,212.74096152,214.18503771,212.41816384,213.35963662,872.73326388,186176.2462256863
493,1589965200,213.35963663,214.4366116,212.85745897,213.87755102,644.65917773,137865.94804035753
494,1589968800,213.88824537,214.21760364,213.20856927,214.04896858,686.9863219,146790.2123557782
495,1589972400,214.04896858,214.42116199,213.1125982,213.46067531,263.36407854,56227.75788384806
496,1589976000,213.46067531,213.68267514,212.74467683,213.01772503,210.73344257,44936.250524933275
497,1589979600,213.03793955,214.40199617,213.03158513,213.9326933,524.61703533,112260.33952554269
498,1589983200,213.93010826,214.42524841,213.68450001,214.42524841,326.72835719,69931.62146261074
499,1589986800,214.42524842,214.69387755,213.69287909,213.81304767,216.68449549,46389.38345879069
500,1589990400,213.85539964,213.85539964,206.27483442,208.01741191,5167.11791674,1081218.9640795044
501,1589994000,207.87698746,209.78758773,206.7228246,209.1387218,2424.17455297,506383.9422774112
502,1589997600,209.07919234,209.68551215,208.20970527,209.57532736,705.10309887,147562.7969516608
503,1590001200,209.53693034,210.0910436,209.07618134,209.87611842,558.76466774,117089.19153058699
504,1590004800,209.87611842,209.87611842,208.80612385,209.60000009,869.81953071,181999.14688747242
505,1590008400,209.5308501,210.5558793,209.09124367,210.49510005,1376.35724286,288707.39295156
506,1590012000,210.49510007,210.67027281,209.70632924,210.3047289,586.89730681,123408.28400153559
507,1590015600,210.3047289,210.48171001,209.59083709,210.11008413,2346.77760331,493092.5994052136
508,1590019200,210.10037835,210.30404325,209.05086072,209.87013855,1024.39088923,214944.33235619773
509,1590022800,209.90617658,211.6132288,209.3877551,211.41800095,477.01713204,100461.09168574131
510,1590026400,211.42751438,211.5,210.13251611,210.30713701,424.34186505,89455.59558544379
511,1590030000,210.28392649,210.81872913,209.52983392,209.70203534,407.16136585,85525.29073572284
512,1590033600,209.66644887,209.97037551,208.9341139,209.2167406,1052.61819536,220388.1001390539
513,1590037200,209.26878022,209.58538107,208.63529704,209.14180321,1374.90795399,287518.89422908
514,1590040800,209.2290162,209.90225622,209.2290162,209.7036565,398.862244,83632.58310160009
515,1590044400,209.69841391,209.90512248,208.84273291,208.88216959,751.9986645,157538.97400224695
516,1590048000,208.94303122,209.16979934,208.4,208.44533534,1146.9186943,239482.49156044528
517,1590051600,208.48077221,209.70021916,204.5,206.57529708,3585.56233166,741753.7857994145
518,1590055200,206.37313566,207.74613182,206.13164521,206.24977616,2019.05722797,417970.1525142218
519,1590058800,206.12244897,207.37683292,205.32939055,207.27664605,1593.82589319,329599.08822282194
520,1590062400,207.21043629,207.84935318,206.97990456,207.77108941,270.76026166,56149.1347475303
521,1590066000,207.82589064,207.92541905,206.19808547,206.46088258,990.94086673,205015.36719766073
522,1590069600,206.46088258,207.13567924,204.48979591,205.03915673,1603.33036709,330022.9048327798
523,1590073200,204.98897614,205.4975,196.7015558,200.20649141,6947.74605823,1397826.490175753
524,1590076800,200.0,201.2871,198.88027283,199.33903481,3027.83577789,606595.1855505934
525,1590080400,199.0,200.39145672,198.25992431,199.31602223,1083.80827805,216136.75475345066
526,1590084000,199.19512552,199.44535165,197.45075818,197.46126677,1573.53703073,312438.9247249112
527,1590087600,197.42334798,197.42334798,191.78846741,192.2577679,3809.05571081,742106.0151653194
528,1590091200,192.4008,198.99150786,192.1196,198.41450704,2923.55114857,572778.9166370744
529,1590094800,198.568,199.09000004,197.73,199.09000004,580.71285546,115166.66227492965
530,1590098400,199.00000002,200.5904,198.7755102,198.87294489,477.86103063,95630.8031722744
531,1590102000,199.08280188,200.69943328,199.08280188,200.42079048,272.04154956,54383.25470078209
532,1590105600,200.60315551,200.60315552,198.36734693,198.70943607,606.5966645,120770.79376790227
533,1590109200,198.65898969,198.65898969,196.25715399,198.16208305,2359.10084173,465934.89808878244
534,1590112800,198.16208302,199.91912091,198.16208302,199.18367346,1208.67827879,240928.88869088513
535,1590116400,199.17334541,199.74359999,198.46851557,198.51748977,1609.86864141,320298.0215809634
536,1590120000,198.60800019,198.94957081,196.80146317,197.16148941,784.2045028,155325.64738324346
537,1590123600,197.35427719,198.29809999,196.77984047,197.48130671,680.89134843,134561.0991035116
538,1590127200,197.48716134,198.90485681,197.2477719,198.83349226,1797.51371723,355978.51956960344
539,1590130800,198.8285209,200.28170418,198.76069016,200.10470721,727.73560822,145309.58166423408
540,1590134400,200.13472592,202.65229755,200.13472592,201.78367074,1572.54107381,316971.71155177924
541,1590138000,201.82167258,202.41120753,200.89428051,201.72940698,1534.29377138,309129.5779217349
542,1590141600,201.72940698,202.40472939,200.97844844,202.38,1424.56147874,287232.65491179255
543,1590145200,202.38,204.02579889,202.38,203.23991919,2714.80101535,552125.4026065475
544,1590148800,203.16995959,203.61223315,202.5202025,203.24837549,1629.29628296,330662.48025054915
545,1590152400,203.1888807,204.33091986,202.97473929,203.05342668,872.10889172,177744.99309690142
546,1590156000,203.10539476,203.10539476,201.17319767,201.97294197,2909.14578166,587756.3147237519
547,1590159600,201.97348885,203.57153703,201.97348885,202.74221973,446.32189365,90621.13532687395
548,1590163200,202.71466924,205.45702355,202.70960106,205.05246225,1010.88072462,206918.87246993362
549,1590166800,205.05758689,207.96857748,204.57070058,207.80291674,2227.93143519,459502.8757160215
550,1590170400,207.90270429,208.432654,206.85389672,207.17009626,1474.89658043,306365.23767027364
551,1590174000,207.2011079,209.08979741,207.2011079,208.03532501,1677.50498771,349518.98902620625
552,1590177600,208.05260437,208.85888674,206.52554958,207.6772654,570.33423331,118584.83138856459
553,1590181200,207.63122877,208.973271,206.75430003,208.25851693,603.01567709,125187.71206610136
554,1590184800,208.19173386,208.76854439,207.6004766,208.36947306,161.66588208,33678.282549380136
555,1590188400,208.37163514,208.7685444,207.52900508,208.39590527,666.58943264,138697.16802834324
556,1590192000,208.39590527,208.39590527,206.12244898,207.26603399,1393.78296399,288786.69358670106
557,1590195600,207.26603399,209.52951751,207.26603399,209.16941285,1642.60759885,342908.2524724684
558,1590199200,209.16163521,209.24049465,208.42876715,208.67847332,330.49559835,69004.06744847397
559,1590202800,208.97959183,211.14029733,208.97959183,210.09010392,1362.21240605,286912.29395371943
560,1590206400,210.34625206,210.85027808,209.39822767,209.80655375,225.25479224,47328.537051131534
561,1590210000,209.73280001,210.34158705,208.36277607,208.71320596,337.58474349,70575.36843389309
562,1590213600,208.69007026,208.95869944,207.69834979,208.95869944,313.61439564,65227.04596359854
563,1590217200,208.93761208,208.93761208,207.51102875,208.14895408,228.38940725,47532.944865670055
564,1590220800,208.14509839,208.57142857,207.19984686,208.32958572,148.63923993,30941.706115993093
565,1590224400,208.23406084,208.23406084,206.53061224,207.46386866,528.22907441,109460.2924677223
566,1590228000,207.46386866,207.88625178,205.827,206.11000001,321.19752807,66382.54551263161
567,1590231600,206.11,206.45431863,205.3710287,206.35093997,1005.30419435,207087.13739479193
568,1590235200,206.392205,207.60890485,206.16270585,207.12859538,585.59882022,121217.0356651245
569,1590238800,207.12612278,207.12612278,204.6992344,206.26867431,646.04251339,132853.57361354306
570,1590242400,206.2565956,206.91491479,205.85442344,205.91454463,267.69975579,55229.89512179216
571,1590246000,205.71428571,208.11975462,205.44,207.54636945,1147.1702759,237622.04348928135
572,1590249600,207.72768728,207.84191178,206.35247041,207.67203114,491.39116913,101723.28810714664
573,1590253200,207.67203114,208.36146129,205.71428571,206.60788654,1199.07724726,247936.09260632875
574,1590256800,206.60788654,207.34550275,206.42665774,207.04200001,806.60435638,166938.40519988458
575,1590260400,207.11834919,207.74471603,206.46369666,206.78942996,1133.65996522,234573.7972258572
576,1590264000,206.78966027,207.47566699,206.00187778,207.21003794,900.07879439,186394.34772065017
577,1590267600,207.10015873,208.37878908,206.94912526,207.90355186,754.64843173,156710.0930684333
578,1590271200,207.90355186,208.15349094,207.49410268,208.04206778,742.0639793,154260.16163862572
579,1590274800,208.05005449,208.33092162,207.42771846,208.00307416,435.03314869,90484.61155704939
580,1590278400,208.00307416,208.29317865,206.33,206.64038294,1427.90413377,295784.1931638414
581,1590282000,206.67867105,207.85321004,205.95839231,207.37886922,3055.41286915,632898.7486259476
582,1590285600,207.39558324,208.34,206.92126647,207.71940451,1701.45969415,353447.14717568073
583,1590289200,207.7243955,209.74132654,207.7243955,209.02245162,1729.184508,361323.35777028056
584,1590292800,208.988,209.35,207.83340333,208.6416583,866.75572964,180890.93734227616
585,1590296400,208.71085608,209.32760016,208.26456803,208.26456803,514.39057132,107468.38261459781
586,1590300000,208.35681711,209.37728623,208.05212607,208.96854538,341.13942993,71274.90750620472
587,1590303600,209.19999999,210.45627199,209.12336318,210.03988472,692.68210486,145445.6438252104
588,1590307200,210.20408163,210.37906993,209.3451423,209.53808989,645.61782785,135575.5298795388
589,1590310800,209.47175127,209.97115573,209.19046119,209.58928625,367.4759219,76993.03484064448
590,1590314400,209.58928625,210.42471189,209.48886212,209.78890131,548.65066692,115220.2305889756
591,1590318000,209.72185576,210.0028586,209.29337203,209.43926361,192.14251506,40290.585050199195
592,1590321600,209.42355604,209.43312873,205.9,205.92951505,1222.63016023,253045.31124535977
593,1590325200,205.877916,207.50159115,205.4174304,207.06338185,1533.9583331,317048.1046073779
594,1590328800,206.98387368,207.15880037,205.0,205.96707355,1576.36271108,325306.7101733501
595,1590332400,205.89490756,206.08316356,203.6622812,205.85290862,2351.90510789,482252.8983842868
596,1590336000,205.60334304,206.83701328,204.81713142,205.72498628,710.17880122,146251.42106163842
597,1590339600,205.35744123,205.35744123,201.73718556,204.11993541,3749.41948558,762048.7455319889
598,1590343200,204.11993542,204.7302,203.54847902,203.93912441,1788.07382214,364984.74037722545
599,1590346800,203.93686439,204.65518065,203.02729147,203.64822606,1437.80445203,293300.7971707432
600,1590350400,203.57881801,206.72256952,203.32632071,206.52994661,2251.96264153,461986.84967581293
601,1590354000,206.45256761,207.09937337,206.20781901,206.33015732,1218.41259906,251648.8765187694
602,1590357600,206.33015732,208.0416455,206.21000071,207.05888201,619.08770704,128296.96500996512
603,1590361200,207.02509043,207.06987689,205.90251627,206.26189166,1032.96862739,213410.03371760919
604,1590364800,206.26189166,206.484508,199.62870001,199.62870001,3572.48403192,725258.9140302989
605,1590368400,199.84099999,203.23779916,197.88467398,202.9485888,3506.41368712,704983.3828198138
606,1590372000,202.91765058,202.91765067,201.64273503,202.63851488,1238.18825151,250527.6769701037
607,1590375600,202.80825655,202.85714285,201.64273659,202.41859979,1198.10197984,242583.69947376582
608,1590379200,202.41238178,202.48843838,201.29780836,202.377172,1898.57628936,383337.897793361
609,1590382800,202.39588131,203.08688334,202.05402715,202.88541516,907.0783475,183639.87361190413
610,1590386400,202.94307872,203.02509155,201.69298621,202.09329355,589.61811797,119185.60211866502
611,1590390000,202.08319088,203.75704051,201.24336331,202.69894593,1017.757903,205951.41165586346
612,1590393600,202.66958789,204.16121645,202.52491304,203.98178016,382.1633513,77770.50017884542
613,1590397200,204.08163264,204.39380702,202.8174222,202.8174222,857.62955776,174461.6533213243
614,1590400800,202.88577474,204.94897959,201.70585082,202.37679353,2348.15266838,477093.51975576876
615,1590404400,202.4179898,203.68604193,201.75319094,201.95436923,1259.69131405,255514.29137759437
616,1590408000,201.78113764,202.56159413,201.31,202.26297932,1204.70964974,243370.4549165807
617,1590411600,202.35000022,203.67346937,202.35000022,202.84915284,1186.59335127,241158.33566556542
618,1590415200,203.12845949,204.08163265,202.06788738,203.67159366,1333.16972179,270594.1200909343
619,1590418800,203.70781437,204.26462328,202.278,202.29555683,1285.04528898,261286.94841983987
620,1590422400,202.48274645,203.08042593,202.23024355,202.62486269,1231.31477328,249547.06733557224
621,1590426000,202.68229695,204.04591736,202.30156638,203.40750669,1888.28650669,384195.51081266487
622,1590429600,203.40750669,205.3897,203.295408,204.77514444,1006.56804376,205185.00943745425
623,1590433200,204.77514444,205.07920376,204.20787101,204.47875039,620.90927808,127013.38825824884
624,1590436800,204.38514781,205.56052443,204.3582559,204.68772473,1312.27387816,268889.4721971841
625,1590440400,204.72216236,205.04401252,204.4499999,204.72821151,371.01751595,75964.57482879798
626,1590444000,204.81,204.89795918,203.7508,204.11113945,295.33147456,60366.14194314068
627,1590447600,204.10894447,204.86379266,203.28655384,203.7963437,513.5090713,104703.97707642987
628,1590451200,203.7963437,204.75184986,203.7963437,204.06672089,1231.81920832,251670.0759911838
629,1590454800,204.27040931,204.73478584,202.72354642,203.33104225,1398.11078676,284930.59248753556
630,1590458400,203.36734625,204.34573949,203.36734625,204.29201462,1158.37291156,236286.08613080665
631,1590462000,204.29201462,204.60525696,203.89275753,204.040517,358.91017203,73297.08761763544
632,1590465600,204.10717539,204.89795917,203.83798425,204.45807239,582.1632327,118996.22707266021
633,1590469200,204.45025393,204.45025393,203.57787837,203.88096743,152.03806144,31028.739383962675
634,1590472800,203.88096743,204.16122516,203.57346448,204.03952175,196.88938767,40153.33617654154
635,1590476400,204.07842287,204.07842287,202.16215944,202.40336115,541.22270476,109906.95176737008
636,1590480000,202.40336115,203.84970058,201.74577913,203.5762276,807.25050274,163758.7518400367
637,1590483600,203.54557475,204.1424918,203.26530613,203.33339755,1152.63287178,234750.6540232657
638,1590487200,203.29603586,203.50596292,202.51774299,202.95159836,1255.47853534,254886.61867098164
639,1590490800,202.80166686,203.18984303,201.8312301,202.27706903,1342.53153586,272060.51502190385
640,1590494400,202.28212596,202.61972123,201.5,202.10804575,1911.17365012,385868.8179992055
641,1590498000,202.07824178,202.59538044,200.4,200.88164455,1230.07012003,247617.06754815293
642,1590501600,200.86990881,201.8855367,200.14263034,201.28096237,1311.96468511,264122.48276886786
643,1590505200,201.29413205,202.14282542,200.95,201.10629279,741.24837969,149452.34792195118
644,1590508800,201.02874141,201.43672157,197.14285714,197.49847894,2397.26568663,476905.53300120606
645,1590512400,197.49847895,199.55192882,196.50851881,199.35286519,1794.19812716,356797.4977126149
646,1590516000,199.35286519,200.47435595,199.22351261,199.96272785,1603.34145241,320723.6606126122
647,1590519600,199.90802541,200.39814547,199.61702727,200.1191745,1275.13421019,254949.13192596863
648,1590523200,200.12417748,200.1613244,198.8,199.2666027,1247.00548236,248639.59144097567
649,1590526800,199.29683133,202.6,199.29683133,201.975,1361.7146127,272698.90895147546
650,1590530400,202.0,202.44134295,200.91679255,201.08963754,717.32892049,144562.38228672685
651,1590534000,201.08822286,201.25481253,200.53379576,201.1000434,851.05639011,171049.06390056477
652,1590537600,201.19431253,201.42917776,200.42820991,200.99100015,792.08860226,159260.0691094377
653,1590541200,200.92099661,202.0,200.81774293,201.6800436,1224.3476814,246832.53086587094
654,1590544800,201.85046199,202.180482,201.10802754,201.24303664,1202.17437191,242141.49131553693
655,1590548400,201.53910038,202.51735272,201.30554259,201.39511963,952.19392626,192250.91590684882
656,1590552000,201.43233205,201.93001027,201.43233205,201.72456069,1120.02540724,225916.90577993638
657,1590555600,201.857276,202.09395398,201.39281646,201.87380865,903.63513788,182341.95477854696
658,1590559200,201.87380865,203.58233967,201.68263363,203.5517906,460.5392896,93169.9256971106
659,1590562800,203.65728762,204.2059498,203.0,203.2434511,1010.21992567,205664.04738362628
660,1590566400,203.2434511,203.31281834,202.65042813,202.91237509,282.78082381,57402.99454397643
661,1590570000,202.9473252,204.08081347,202.9473252,203.82324722,798.96844656,162740.66174133547
662,1590573600,203.84066994,204.22476594,203.5837855,204.02582929,607.06460501,123767.25157616164
663,1590577200,204.01552926,206.6742216,203.8067244,206.11697029,1462.007198,300779.8052729705
664,1590580800,206.12167724,206.70575429,205.83195864,206.47588975,1822.72879485,375924.58175286575
665,1590584400,206.5,207.66018076,206.05060788,206.52028842,1704.33952718,352693.2555506884
666,1590588000,206.52028663,206.92842999,205.74095618,206.0428983,709.4029333,146443.1209739234
667,1590591600,206.0532,206.52028487,205.251319,205.58311291,1228.0522373,252815.22150975408
668,1590595200,205.60801143,206.86452284,205.42814668,206.05091792,588.58155257,121169.7386256219
669,1590598800,206.12244897,207.32311392,206.12244897,206.75258295,1281.84777178,265086.47705675464
670,1590602400,206.73303832,207.49481277,206.55556901,207.11896954,841.63219689,174386.23993849507
671,1590606000,207.08323361,207.33136691,206.72322528,206.81223543,1195.94054013,247661.6420301842
672,1590609600,206.81223544,206.86143593,205.96383,206.51969696,880.11429232,181545.39842521554
673,1590613200,206.52784001,206.75354711,206.29000003,206.41963596,710.85387709,146821.44868551305
674,1590616800,206.44926236,206.44926236,205.21577476,205.34323735,631.78835869,130042.17364750332
675,1590620400,205.34323758,206.6783996,205.34323758,206.15942079,618.84409464,127666.89944453265
676,1590624000,206.1415316,208.31051622,205.99400436,208.25980913,1637.8418309,339196.2499403188
677,1590627600,208.34850884,208.83900009,207.37873173,208.80848023,836.39393609,173833.66754132853
678,1590631200,208.68800001,208.77310874,207.28333947,207.29515671,1180.19831675,245376.9552412048
679,1590634800,207.27297533,207.59585026,206.45,207.38881303,1534.65485216,317796.6851229788
680,1590638400,207.30781939,207.32694779,206.36720506,206.43508488,754.1200692,156001.2974905986
681,1590642000,206.407,206.99999976,205.41745112,206.2469853,2566.50054408,529955.6067083682
682,1590645600,206.15787274,206.73178197,205.72457498,206.44291421,767.35057235,158264.58418695864
683,1590649200,206.46470842,206.74067425,206.03629101,206.74067425,844.11769212,174203.17803757082
684,1590652800,206.73550579,206.82340421,204.63190001,205.30612243,774.068027,159361.16734574648
685,1590656400,205.18165568,206.46706834,204.75649119,206.45030637,1687.44757124,347358.0351033758
686,1590660000,206.45030637,206.9387755,206.01358124,206.92821426,340.95579857,70403.16386474021
687,1590663600,206.92842887,206.92842887,206.12657357,206.13165695,261.19511199,53943.67326051427
688,1590667200,206.13165695,207.75510212,206.12244897,207.60489852,1539.68036332,318908.8400954774
689,1590670800,207.64791915,210.13164012,207.45555386,209.9314771,1908.17708252,398696.21875079436
690,1590674400,209.98657916,210.7156,209.03954361,209.30769057,2078.5657509,436016.2482398841
691,1590678000,209.34393334,212.22661684,209.28087837,212.15429053,2328.09610974,490788.38111125765
692,1590681600,212.24489795,214.58807528,211.88539589,214.22562238,2779.97899443,592853.7872707986
693,1590685200,214.27500026,215.38214092,213.70957289,214.07795141,2686.68018702,576397.1567991364
694,1590688800,214.07794641,214.86096691,213.98693409,214.76072639,777.38267164,166629.40017862016
695,1590692400,214.78626154,215.49999,213.71128522,213.71128523,1589.75867736,340927.4710146979
696,1590696000,213.64188486,215.07248939,213.50473808,214.74154642,1114.62735513,239115.70516309002
697,1590699600,214.74288839,215.07159802,214.22328728,214.61234983,1197.54231644,257113.154160914
698,1590703200,214.60393054,214.96927874,213.52156656,213.80711299,816.51531858,174911.3474660053
699,1590706800,213.75958078,217.12671965,213.75958078,216.6667373,1072.95630962,231679.679525217
700,1590710400,216.70071559,220.58883325,216.70071559,220.40655875,2127.14948317,465743.30307354586
701,1590714000,220.38057781,224.69495405,220.38057781,221.88758461,3282.80733867,729870.6330370666
702,1590717600,221.88758459,223.0,220.20507727,220.90133637,2124.27837555,469818.32132996956
703,1590721200,221.25390367,222.85505653,220.65197491,222.10854192,994.02490526,220414.37688228735
704,1590724800,222.10854192,222.89240682,221.40106671,221.72439797,1243.15155514,275920.2704996824
705,1590728400,221.76889159,222.53340551,220.95030821,220.98727604,1100.36062808,244149.88090152497
706,1590732000,220.97988248,221.50580767,219.29668554,221.29029712,1029.30615015,227413.67304466435
707,1590735600,221.33137964,222.08768384,220.71406817,220.91293043,590.28887337,130792.76413197153
708,1590739200,220.87704414,221.84907241,220.6809316,221.19899439,909.92921164,201349.79479407886
709,1590742800,221.37391918,223.4,219.75023754,219.81199965,2576.97871608,569745.8238515112
710,1590746400,219.81462541,220.30409937,219.24133898,219.68538951,1285.2366385,282620.84426876035
711,1590750000,219.67441037,220.26933279,218.03271337,218.19521331,1446.97332389,317003.72711676697
712,1590753600,218.0,219.65650186,217.5,218.9613293,845.23462065,184786.3174169387
713,1590757200,218.98998999,220.33037797,218.26192959,219.37396124,1294.57897178,284178.28875267925
714,1590760800,219.36282717,220.186481,219.08116558,219.90712155,2395.2931582,526527.080178533
715,1590764400,219.92671556,220.72480052,219.55122631,219.91058373,2088.8895601,459833.99302944995
716,1590768000,219.91647792,219.95995996,218.27159362,219.62299059,1414.57447523,310090.8905217121
717,1590771600,219.53754206,222.20578751,219.35135522,222.08074335,983.85682975,217097.33841050792
718,1590775200,222.02796343,222.53988401,220.67805198,220.76692879,1652.81492241,366246.9682484176
719,1590778800,220.63317512,220.98895364,219.91099898,220.85209201,1162.0450569,256318.41324607987
720,1590782400,220.85208852,220.85208852,219.45555393,219.86962673,1337.76535502,294598.26032002765
721,1590786000,219.86962673,220.69884799,219.54122798,220.19649849,1297.72105033,285918.9474899003
722,1590789600,220.13886447,220.19649847,218.75106705,218.82932433,288.36260915,63294.35923734807
723,1590793200,218.84473963,220.8580225,218.69174796,220.77519881,227.37896539,50072.36940642184
724,1590796800,220.62777915,221.28797351,220.31307755,220.55249551,273.40534993,60349.56604027202
725,1590800400,220.71088049,220.89900816,218.72297832,219.07022926,507.35552757,111222.14799594082
726,1590804000,219.10775267,219.87258824,218.86142713,219.18674864,233.33534515,51213.804629996375
727,1590807600,219.08484936,219.82522079,219.03694863,219.66064583,259.15870893,56879.41361286136
728,1590811200,219.67154073,222.5510204,218.93864118,222.54467623,653.16719209,143661.70117034568
729,1590814800,222.59789167,229.62809999,222.28462952,227.82619336,2265.68202954,512784.1834187271
730,1590818400,227.83190403,231.53709,227.66625996,231.53709,7693.7263579,1768038.4434069323
731,1590822000,231.76555001,233.60964031,230.3153375,232.79015834,1571.94011904,364463.13507083274
732,1590825600,232.85488793,233.2298193,231.72500394,232.10444432,538.54932158,125174.10047732037
733,1590829200,232.10444431,234.25519111,232.10444431,232.41433445,971.60799259,226449.297336201
734,1590832800,232.42366205,232.6,231.38907078,231.99575177,902.5452161,209394.67161507666
735,1590836400,232.00748028,234.80438333,231.67158648,234.70108259,830.0327173,193991.37137462743
736,1590840000,234.79265049,238.0,234.29133358,236.82615709,1763.98022471,417277.1487316648
737,1590843600,236.73112689,237.27640747,234.387,236.66009033,1210.22601027,285364.1798302504
738,1590847200,236.59758792,237.2975338,235.22336236,237.0507434,1280.21423182,302427.3006782092
739,1590850800,237.02471822,238.94549898,236.225509,237.97038146,1787.29124484,424689.21984583215
740,1590854400,237.82960683,237.83593496,233.532,235.67750602,2097.74746115,493218.81738776044
741,1590858000,235.71820708,236.97268818,234.51658167,236.35602593,914.68730421,215871.04949428156
742,1590861600,236.34872741,236.53506918,235.28292257,235.78139058,714.29876347,168534.54319158054
743,1590865200,235.78139058,237.97641834,235.51914229,237.15326686,1569.71598666,372041.4450927986
744,1590868800,237.15347091,237.38777533,236.0519745,237.09383576,163.68252747,38741.89759035445
745,1590872400,236.99690299,237.35317061,234.2258184,235.38562158,1669.25931439,393033.55744669586
746,1590876000,235.45202518,240.0,235.4378067,239.66077681,655.75680697,156024.6068450332
747,1590879600,239.69242332,246.93839999,238.85649315,245.84994655,3269.47940129,798015.029027195
748,1590883200,246.05346863,246.17970486,241.96000001,243.57312834,1546.8586063,377135.2847313307
749,1590886800,243.57363335,244.9877268,241.58431119,244.90793232,1248.15612806,303517.7110458085
750,1590890400,244.90943234,245.1972432,242.2238114,243.43215155,750.06219491,182654.78157449965
751,1590894000,243.42082448,243.63083691,241.99839588,242.80852588,1108.03248673,269183.94510942453
752,1590897600,242.80852588,242.80852588,235.27061147,237.27664724,1837.82769884,438737.867536298
753,1590901200,237.01071137,238.19405777,236.03029363,237.94793004,950.77574239,225606.6545953092
754,1590904800,237.90584203,239.75259999,237.21518039,238.02177478,810.52535468,193521.66652017983
755,1590908400,238.02760614,239.04945117,237.31731172,238.00000001,625.31275025,148884.25932529397
756,1590912000,238.0,240.71368812,237.38298524,239.91804208,365.72664811,87509.31084796338
757,1590915600,239.86690972,239.88728448,236.428463,236.99248901,1437.5892263,342286.27624721674
758,1590919200,237.02804549,238.0,235.50000006,237.31742379,880.49779526,208807.70147820062
759,1590922800,237.31504993,239.94914511,237.08258419,239.82919168,771.86939807,184243.8403700514
760,1590926400,239.8172,239.8172,238.05559329,238.83909551,1052.40891042,251639.55756360892
761,1590930000,238.83909551,240.01,237.58550002,238.23019915,1000.8679364,239097.6644303664
762,1590933600,238.23019919,239.04562444,236.77740256,237.63592718,711.23243369,169107.72381861368
763,1590937200,237.60884895,237.6944274,233.83610855,233.84285098,1457.33557838,343948.64324946306
764,1590940800,233.84285098,234.70126507,232.0,233.87371571,3928.98418455,917518.9464455153
765,1590944400,233.82045818,236.0132951,233.37644929,235.95075123,756.60836054,177674.95411678808
766,1590948000,236.01040757,236.18268634,234.50193326,235.19205083,420.59643009,98975.61211864803
767,1590951600,235.09321821,235.9316716,234.47098216,234.96696293,656.58992952,154434.3621281441
768,1590955200,234.95567945,237.04,234.61050369,236.62562418,486.95582027,115010.14355397118
769,1590958800,236.60458248,236.60458248,235.12202324,235.48265684,245.73631432,57978.6272159499
770,1590962400,235.47117167,235.48976698,232.72216227,234.81216982,417.30359443,97499.468126744
771,1590966000,234.74899998,236.40917861,233.0,233.80218591,2057.48756665,480968.8268151047
772,1590969600,233.80143592,233.80143592,229.91,231.67616681,3118.7431237,721883.3081892891
773,1590973200,231.6061638,233.69998694,230.74766593,233.16766323,1909.14200181,444095.10548479867
774,1590976800,233.25402253,237.11688001,232.3,236.66572888,1913.25301982,448197.7364542226
775,1590980400,236.74508807,239.94182686,236.36247883,238.39884635,1891.6192484,451233.11038610304
776,1590984000,238.41316121,239.27499035,237.97641835,238.79440435,1105.63993112,263812.8952906598
777,1590987600,238.81680847,242.45700422,238.81680847,239.93776264,2584.20728151,623353.8905300825
778,1590991200,239.95584264,240.27045332,237.37137162,237.71682768,1149.95127516,275145.6191214373
779,1590994800,237.75732325,239.38610089,237.75732325,238.18686274,708.61501978,169111.7536908377
780,1590998400,238.18686274,239.35667848,237.23170785,238.74231486,1474.37296745,351385.9614203669
781,1591002000,238.78438679,239.19086049,236.39112158,236.95784525,1484.84987815,352280.42113426706
782,1591005600,237.14596692,238.8,236.6248727,236.75016634,2206.18401129,524355.0092391613
783,1591009200,236.98815321,237.34171387,235.76,236.93740804,780.58267676,184594.15515094262
784,1591012800,237.02278886,237.59907043,235.69344948,235.99666117,2215.62306971,523690.2566601472
785,1591016400,235.97306187,240.60736742,235.18601312,238.98075151,3227.05464353,770993.8768226749
786,1591020000,238.96414586,239.53094825,238.14082178,238.70746697,793.84225893,189489.5892180372
787,1591023600,238.71035367,240.89826099,238.61420376,239.43951108,1135.34222179,272152.1810720778
788,1591027200,239.45077044,239.50038522,236.509915,238.02768094,1540.80470343,366141.33578812197
789,1591030800,238.11722952,240.17236172,237.82518985,239.69922074,1762.67333366,421893.3605362494
790,1591034400,239.74051646,239.74650975,238.12090004,238.73431204,839.25206372,200399.8494862111
791,1591038000,238.73828881,239.02529671,237.63574848,238.88781238,422.72353965,100757.31114894582
792,1591041600,238.8961745,239.77483994,237.67980902,237.83647162,897.92740672,214284.5378254952
793,1591045200,237.83647162,242.457,237.28596653,241.80790685,1056.76767628,253600.25694911525
794,1591048800,241.80790684,242.26148043,240.0,241.09429664,433.2551605,104375.75997353444
795,1591052400,241.11655173,245.68827938,241.11655173,245.56878031,1210.40317492,295432.2784133596
796,1591056000,245.66053753,250.36500002,245.66053753,247.81,6545.14951316,1627186.745750675
797,1591059600,248.12632957,248.65057122,245.85003603,246.65458827,843.53877413,208619.1756356268
798,1591063200,246.65458827,247.71623723,245.89662341,247.52706946,1132.2705169,279409.1531602375
799,1591066800,247.49149475,247.59999996,246.29339958,246.8523666,1167.51936735,288326.1688986827
800,1591070400,246.88402117,247.35006877,245.94130039,247.18665712,509.55229681,125714.66862621107
801,1591074000,247.211372,247.53518392,246.59078367,247.49999999,527.30788521,130385.5536333093
802,1591077600,247.49999999,249.40819999,247.13386864,248.23,1112.94486984,276626.4158140368
803,1591081200,248.20350757,248.98755116,247.872377,247.96283688,1123.53652377,279075.58975502895
804,1591084800,247.92382664,248.9439,247.81194112,248.75173158,428.89356424,106530.14309283765
805,1591088400,248.75173158,249.47560659,248.3050973,248.37421578,1043.31719692,259799.9596996587
806,1591092000,248.4019166,249.5617559,248.4019166,248.72452566,1327.84293101,330845.12981622556
807,1591095600,248.64204966,253.41718153,248.37270001,253.36459998,1776.25598264,445785.69702948467
808,1591099200,253.24502054,253.34406105,251.65208552,252.226535,1443.07595418,364210.0159733951
809,1591102800,252.226535,253.0,251.1712,251.69758346,1013.1103604,255524.99844699926
810,1591106400,251.60353808,252.39461519,251.42486293,251.69548483,1222.65919056,307853.63728166453
811,1591110000,251.68320763,252.32623425,225.82959757,234.7802,6027.3989774,1430731.9815339264
812,1591113600,234.4539,236.77344084,229.436,233.82465957,7503.33708667,1750294.782230443
813,1591117200,233.69068122,234.51677285,232.4735,234.34608593,2203.59020789,514742.9636316765
814,1591120800,234.25827313,235.37332531,233.84390121,235.05191475,2793.15886596,654748.5041501283
815,1591124400,235.02841432,235.22012575,234.14760711,234.73239218,871.79718371,204517.2078406656
816,1591128000,234.40000001,236.71485057,234.33625002,236.23543614,485.23967385,114507.9851327231
817,1591131600,236.2,236.64509301,234.77898544,236.39050466,754.99101849,177787.9422952551
818,1591135200,236.34320399,238.96954301,236.13846401,237.71809569,374.94016729,89116.10551040225
819,1591138800,237.75528589,239.43683939,236.46078609,237.12686252,1790.97328706,425985.4889735
820,1591142400,237.20686918,238.01548293,235.75016181,237.77539384,995.24241362,235797.03391445903
821,1591146000,237.66651224,238.50044439,236.93015675,238.17581937,978.96618715,232864.54664555757
822,1591149600,238.25999999,238.50333782,236.92495543,237.23587173,1323.99901006,314268.7856532132
823,1591153200,237.24831313,237.62711864,234.944,235.91069355,1405.4320641,331704.51295309846
824,1591156800,235.91069356,236.42578119,235.35708698,235.70445598,1059.90852974,250130.63004204477
825,1591160400,235.87253602,236.85477935,235.0,236.22405525,703.89399867,166070.62776905403
826,1591164000,236.1878146,236.61016949,233.43722785,236.37498668,2361.94958821,554139.4446452538
827,1591167600,236.37498669,237.26034971,236.02888271,236.50000001,179.64103969,42497.413398432924
828,1591171200,236.53579644,237.23343909,236.03465559,236.80239947,288.1243675,68182.94997815476
829,1591174800,236.7787226,237.7066941,236.31805695,236.64351922,532.33338877,126315.374350925
830,1591178400,236.68676329,238.09988827,236.67584247,238.03116318,543.13703957,128962.28320561357
831,1591182000,238.01926068,240.56017082,238.01926068,239.80267005,3442.61506009,825497.8557362952
832,1591185600,239.96192557,240.15417208,238.31361057,239.5681283,774.40070401,185249.33365750633
833,1591189200,239.83408461,240.32068115,237.97078827,239.08180292,1721.11951374,411170.72263175936
834,1591192800,239.06138649,239.84625246,238.91884006,239.3584171,1726.95332015,413183.8587683571
835,1591196400,239.4200284,239.68801868,237.11864407,239.25601819,1963.72651584,468260.86056638946
836,1591200000,239.25601753,239.85786963,238.46957584,239.32614419,1258.97131126,301126.30204961164
837,1591203600,239.36204814,240.37709177,238.98460085,239.74766916,1303.04200678,312291.9822683526
838,1591207200,239.83908904,240.14288903,238.89552088,238.95105421,466.04302909,111590.77652703125
839,1591210800,238.8787893,242.061,238.67422655,241.80858432,936.74883337,225136.37176094242
840,1591214400,241.81329254,243.0,239.66101694,240.8155765,1580.92905807,382058.24306774477
841,1591218000,240.79675846,241.88013201,240.16949153,241.63223579,321.09088774,77269.68924410862
842,1591221600,241.766911,242.11178297,240.83464096,241.31907395,131.8618235,31845.245666835814
843,1591225200,241.53982047,243.2994834,241.34561911,243.06498889,298.06300116,72227.83197725759
844,1591228800,243.24884129,245.0,242.52140503,244.52210332,1947.53109739,475145.7120563305
845,1591232400,244.534332,244.90931633,243.09028373,243.85756156,1184.16414358,288686.4854220471
846,1591236000,243.94422237,245.0,243.51994131,244.67806312,1244.77607099,303952.4262964549
847,1591239600,244.7524662,246.67168676,244.50495783,246.01210264,906.84600312,222899.5991801984
848,1591243200,246.01210264,246.45640242,245.05245648,245.52573174,1011.54707761,248521.76911607056
849,1591246800,245.43601211,245.48275323,243.66117639,244.50520483,877.4568898,214445.74047839863
850,1591250400,244.66509596,244.7457627,242.3,243.29660648,1615.70651753,393136.0779338686
851,1591254000,243.27690917,244.63524613,242.38548959,243.9774883,550.14952297,133884.91508733938
852,1591257600,243.97748831,244.4006821,243.3351016,243.33591152,320.68680892,78183.66827069178
853,1591261200,243.39561298,243.95421027,242.60447855,243.78562244,381.21137442,92728.38416848707
854,1591264800,243.76067101,243.76067101,237.5499,240.6321397,2157.59179375,518305.8503544244
855,1591268400,240.63106985,240.63106985,238.83347392,239.95426996,762.21669086,182768.1433663515
856,1591272000,239.88594281,243.69,236.27581012,243.21131096,1961.77330022,471326.65800867794
857,1591275600,243.07719881,244.28389999,241.72320002,243.22034036,1620.98903837,394016.7313642524
858,1591279200,243.3615277,246.0,243.30018509,245.12396249,1781.30363846,436672.3740282528
859,1591282800,245.25423728,245.41373222,241.78158115,243.31694264,2108.51614692,514847.2780032723
860,1591286400,243.38246408,245.25423728,242.7994478,245.08078251,1407.53934673,343078.7757890181
861,1591290000,245.2169494,245.4833389,243.17146615,243.22002753,879.89191137,214863.14048920615
862,1591293600,243.41087567,244.14912407,243.01525022,244.09969042,236.59494577,57646.87804721721
863,1591297200,244.23728813,244.80303684,240.11728431,240.38894925,1109.71170407,269388.0750589928
864,1591300800,240.38895,241.36569163,240.16949152,241.36569163,489.605117,117885.27276424236
865,1591304400,241.40156,241.77484834,239.24470961,241.77484834,324.8349212,78074.04993334044
866,1591308000,241.36924189,242.0,240.84743675,241.94836047,46.10330994,11135.639540961143
867,1591311600,241.94168249,244.0,241.56653036,243.36846664,600.70153631,146160.97871218345
868,1591315200,243.36846665,244.58731516,243.09028373,243.3030686,762.80450872,185877.3071758363
869,1591318800,243.31178985,243.79157974,241.93209589,243.64231915,240.49442469,58385.11130698996
870,1591322400,243.81595666,245.26662821,243.32379153,244.63515256,784.79629911,191716.43315364074
871,1591326000,244.23728813,244.45098181,243.46493945,243.75394287,414.01560237,100971.26331326926
872,1591329600,243.83178011,244.49014833,242.25775121,243.15962814,754.76720301,183563.792189254
873,1591333200,243.17763296,244.1740523,242.9231118,243.5060827,550.20503387,133992.3266639968
874,1591336800,243.50589696,244.20367994,243.41611583,243.9455356,525.41754016,128146.17543983749
875,1591340400,243.89827037,244.31305093,242.27763759,244.21944812,1263.45657046,307224.30745664483
876,1591344000,244.11864775,244.11864775,243.01215089,243.59303148,655.92926203,159760.50361975885
877,1591347600,243.53883523,248.0,241.3620914,246.29322927,3618.68883057,884306.1059163245
878,1591351200,246.58105681,246.77966101,244.11903416,245.76577796,1058.17406786,259599.5107568898
879,1591354800,245.79035548,245.79035548,241.51207878,242.93043458,2021.46421018,491849.9500111795
880,1591358400,242.9,243.81595666,241.2721894,243.01686495,1993.98526371,483995.66495979676
881,1591362000,243.10244051,243.20818079,241.18468044,242.37791492,2052.55660267,497474.9898307324
882,1591365600,242.37791493,243.40810045,241.38190553,243.16191514,3767.79497991,913785.5054034755
883,1591369200,243.14975819,243.20817995,241.36209141,241.87397241,1275.90003906,309728.6487637649
884,1591372800,241.87397244,242.1995,239.04000001,241.8770855,2865.51334194,689649.774956887
885,1591376400,241.9928,242.9221,241.21056661,241.83031256,386.46375951,93667.16355716597
886,1591380000,241.69491525,242.54014756,241.64280259,242.03433314,178.54358663,43224.83872356557
887,1591383600,242.19222627,242.73614488,242.19222626,242.58288657,188.46426994,45699.082318647335
888,1591387200,242.46022717,242.51817662,241.19850311,242.08789752,89.7358203,21719.443761620943
889,1591390800,242.08789752,242.5200517,240.16949152,241.59336409,444.03302295,107156.39552761946
890,1591394400,241.57400329,241.57400329,240.19215402,240.55943764,118.22373634,28472.96978173862
891,1591398000,240.2002088,241.18635178,239.72713809,240.97165424,233.83655258,56254.24665160434
892,1591401600,240.97165424,241.24332621,239.61138929,240.15823695,401.76576882,96572.65303542865
893,1591405200,240.1178622,241.51207559,238.0,241.08897325,743.9936146,178032.08673332623
894,1591408800,241.07691569,241.07691569,238.41450993,239.53337444,2698.55663067,645945.430654953
895,1591412400,239.22571453,240.20978,238.65601114,239.96378361,605.97080497,145162.30577147735
896,1591416000,240.03338802,240.6779661,239.0,240.53230343,851.51018949,204195.49114351242
897,1591419600,240.61199614,240.61199614,239.25668354,239.59692376,324.64682344,77927.32671980538
898,1591423200,239.59692376,240.67796607,239.29581232,240.36859271,419.30567097,100599.2355044419
899,1591426800,240.43851498,241.29968305,240.21811904,240.66577513,506.00337178,121785.8025614175
900,1591430400,240.75003659,241.3198204,240.0830992,240.20654323,579.47411812,139569.83871794326
901,1591434000,240.20654321,240.49848959,239.35741654,240.36828392,546.01985213,130927.53600041229
902,1591437600,240.36828394,243.99289999,240.31479789,242.77433138,2016.94330993,489881.1538805047
903,1591441200,242.68549256,243.20817876,242.31640025,242.74073109,411.62264257,99916.75755648024
904,1591444800,242.88045335,243.54295559,242.53773323,243.2566734,858.5980811,208477.235048156
905,1591448400,243.3397843,244.70176824,241.28717263,241.7986857,1162.75295519,282442.9044797142
906,1591452000,242.19703154,242.65155154,241.48604643,241.81216218,399.40670797,96744.71885495719
907,1591455600,241.95212814,242.29930164,241.69491526,242.19712997,415.04738055,100421.86931990279
908,1591459200,242.17872231,242.68865728,241.55961015,242.41668433,826.93254089,200237.534775205
909,1591462800,242.49602319,243.31783594,239.84525084,240.6779661,1438.54966538,347829.5753985126
910,1591466400,240.96163828,240.96163828,239.93591953,240.87763006,691.13804928,166101.77447359316
911,1591470000,240.4665,240.96829379,240.32154154,240.96829379,107.46813551,25869.814996919784
912,1591473600,240.96829379,241.67075207,240.31361749,241.34850005,454.06461927,109473.5977895307
913,1591477200,241.06619232,242.42665434,241.02648351,242.08000001,184.93071078,44721.10543933724
914,1591480800,242.37562178,242.70728351,241.66,242.7072835,125.66918074,30423.33718671123
915,1591484400,242.7,243.09028373,241.70700096,241.74301273,529.96907819,128354.8328624024
916,1591488000,241.69582954,242.6613369,241.69491525,241.98945379,388.16124364,94040.90839295067
917,1591491600,241.76627334,242.13131274,240.45046854,242.05960848,562.78226499,135802.8211655907
918,1591495200,242.05960848,242.54049603,241.38262117,242.05028443,568.94037775,137697.49134198597
919,1591498800,242.23106991,244.0,241.79366832,243.31799402,782.42190771,190143.75560057134
920,1591502400,243.14107529,243.5429553,242.65773791,242.90456673,121.90836078,29619.568566606253
921,1591506000,242.92939984,243.56957786,242.40727572,242.67393899,634.77199383,154219.9242597484
922,1591509600,242.71558085,243.1352447,242.129135,242.24373907,326.06612014,79087.91062700619
923,1591513200,242.28217878,242.56007616,241.68283352,242.2238504,205.97427375,49843.04629461125
924,1591516800,242.19569723,242.57807074,241.80000402,242.24504777,489.84207359,118574.58280643189
925,1591520400,242.18450188,242.59666575,239.7694581,241.87753535,1722.25604576,415267.075944929
926,1591524000,241.90173065,242.42593608,240.95560003,241.11582335,399.10781671,96478.81360713854
927,1591527600,240.85117719,241.55427731,240.6779661,240.73270067,263.01157627,63401.89933283917
928,1591531200,240.61601952,241.36755266,238.7,238.98045833,813.60930496,195569.92118960843
929,1591534800,238.82662255,240.0178,237.15555293,238.29188399,987.97759864,235406.15638696597
930,1591538400,238.12585188,238.64406779,235.68911178,235.79490512,1290.23348529,305982.54150964174
931,1591542000,235.68334341,237.52534136,234.8122,236.91444032,1402.41743947,331566.32697428315
932,1591545600,236.90000001,237.59148715,236.88203941,237.26619737,684.55037333,162474.78460719401
933,1591549200,237.26896468,237.26896468,235.19326132,236.43893516,595.7912891,140773.49487225132
934,1591552800,236.46717679,237.17244256,235.26306938,237.17244256,405.01278776,95671.07706877928
935,1591556400,237.14236808,238.38808265,236.81372374,237.69331144,420.55006353,99917.59405778308
936,1591560000,237.73672622,242.5,237.32577991,242.4711,2364.1236691,567988.6729066656
937,1591563600,242.22179764,243.35323316,241.16773677,242.37644056,1195.82899871,290133.8687639449
938,1591567200,242.37644305,242.90749839,241.45915882,241.90869369,184.66736982,44706.8432655816
939,1591570800,242.12971848,243.56256364,242.0389212,243.19999999,769.03416961,186832.7162796903
940,1591574400,243.2,245.18719752,243.19999999,244.5842966,1388.30050669,339224.4739972481
941,1591578000,244.74576271,245.25423727,243.57474615,244.24168065,1576.77297175,384933.0271562799
942,1591581600,244.24168065,244.5278307,243.07785663,243.89173164,1939.60409893,472832.8644495568
943,1591585200,243.82805187,244.55792586,243.50569193,243.83437585,1156.25044068,282228.39751403494
944,1591588800,243.83437585,244.22410352,243.72041949,244.03529855,128.96295627,31473.392689787313
945,1591592400,244.0200042,244.61323279,243.72881356,243.80976201,202.30307863,49413.75739733159
946,1591596000,243.93517083,243.98405807,243.26031128,243.85453805,251.81352754,61359.36033302405
947,1591599600,243.85453805,244.11000042,243.33842235,243.66006789,110.67209893,26970.392206141423
948,1591603200,243.66006788,243.96590681,243.40778631,243.56747517,211.15527288,51452.66001587813
949,1591606800,243.6493537,244.03700026,242.42109496,243.17403027,726.23471725,176509.58025150705
950,1591610400,243.17403027,244.58777161,243.14319211,244.23034358,1101.14066238,268784.5624313089
951,1591614000,244.26016449,244.51695796,243.39702915,243.43410851,259.77064449,63408.395065677985
952,1591617600,243.43410821,243.69638899,242.6811,243.63501563,879.21073311,213766.31064725926
953,1591621200,243.63501563,243.71662944,242.89768199,243.0896328,137.50979978,33447.70645299258
954,1591624800,243.03120664,243.71663099,242.46535426,242.96298227,397.78240979,96610.70827466881
955,1591628400,242.90864992,242.90864992,241.08675812,241.41131227,674.71060857,163277.19336579635
956,1591632000,241.3,242.99641077,241.18644067,242.99641077,174.44530522,42222.346660625975
957,1591635600,242.75530002,243.07813117,241.51208436,243.04514171,711.88697664,172674.23663058007
958,1591639200,243.0421527,243.21429044,242.34917542,242.72001037,155.67091271,37795.81976530571
959,1591642800,242.72001036,242.95926143,241.8016062,241.90190229,121.24112172,29401.71678439589
960,1591646400,241.85,242.41279047,241.8016062,242.17585914,209.04677457,50604.07103684765
961,1591650000,242.03920004,242.72400186,241.91330516,242.20338983,25.50377531,6181.032839436216
962,1591653600,242.22300424,242.87912558,241.90347078,242.8188043,55.8829307,13542.866007629285
963,1591657200,242.95056268,243.22332351,242.52537626,242.53975649,64.85300162,15758.69757427693
964,1591660800,243.22033898,247.5306633,243.22033898,246.44746115,2770.13120006,681929.905275275
965,1591664400,246.44746115,249.7777777,238.65406779,243.86538001,5839.99298579,1437560.6518676982
966,1591668000,243.74762013,244.18288689,243.04242702,243.80993468,365.5171146,89068.78733212125
967,1591671600,243.81669063,244.22507854,243.28704336,243.46634952,349.76145172,85201.02281302355
968,1591675200,243.45417922,243.48609869,242.37644308,242.97441977,316.15763064,76854.04161604095
969,1591678800,242.80992488,242.91594815,242.50403004,242.772,40.7414886,9889.474727610675
970,1591682400,242.79119732,243.45145987,242.79119732,243.4,191.11277624,46465.585306175955
971,1591686000,243.3467974,243.3756357,243.0094638,243.0094638,15.43257961,3753.7362782376895
972,1591689600,243.16923367,243.65130082,242.9410584,243.30137339,238.28755851,57936.05694719583
973,1591693200,243.22696706,243.59699925,242.6085119,243.18953515,387.93574544,94263.00729139047
974,1591696800,243.11818245,243.18953514,242.53572715,242.69926299,180.63667175,43860.61469430979
975,1591700400,242.69926299,242.99100786,241.35064095,242.38499984,381.66466993,92480.26364042886
976,1591704000,242.35309743,243.40650247,242.30353807,243.27555465,222.01512431,53929.60534859044
977,1591707600,243.49761871,244.63117301,243.49761871,243.63363982,996.0850812,242952.0679475148
978,1591711200,243.74468314,243.74468314,242.71137939,243.03695431,1381.18084332,335905.12066128035
979,1591714800,243.12799902,243.68164672,242.62972352,243.06470517,1001.3417103,243617.1709033387
980,1591718400,243.08049534,243.64472122,242.99265803,243.24729616,1001.02855336,243511.4862645433
981,1591722000,243.40670378,243.71663091,242.60973018,242.85,1209.9803514,294273.741926443
982,1591725600,242.85,243.32803332,242.79501745,243.04642123,1198.49829312,291271.8280033949
983,1591729200,242.99781916,243.3121702,242.72400191,242.97369523,494.36304717,120122.77452730045
984,1591732800,242.86714967,243.4,240.8,243.21748168,1081.58546096,261715.81564290664
985,1591736400,243.20070346,243.72048016,242.45035397,243.32581209,494.29685757,120138.32962728571
986,1591740000,243.37574329,244.71420168,243.220339,244.37412486,310.12849867,75649.45861975306
987,1591743600,244.59656824,245.22593366,242.30153391,244.60059348,1330.89722008,324887.65308386774
988,1591747200,244.59007809,244.69490995,243.3,243.88895496,456.59142154,111399.572806566
989,1591750800,243.82815379,244.36758298,243.42233247,243.75319636,427.46430328,104267.46277403855
990,1591754400,244.05403875,244.63936768,243.9124174,244.21903115,165.23399435,40360.55768328219
991,1591758000,244.15793396,244.23855534,243.72881355,244.10405545,197.65975772,48210.29078963087
992,1591761600,244.10405554,244.10405554,243.42233247,243.58642272,293.14352844,71452.9544123914
993,1591765200,243.57261693,243.79116077,243.11642169,243.5280759,270.49203381,65838.61698142377
994,1591768800,243.52015845,244.66502931,243.50189381,244.15574254,439.4855471,107303.71421470355
995,1591772400,244.1991044,244.39777415,243.79929343,244.28788916,143.63946952,35062.24661879291
996,1591776000,244.28788916,244.32569185,243.07813158,243.5851971,311.00402267,75737.48600003762
997,1591779600,243.64594699,243.81800727,242.93559929,242.99217839,312.35484486,76026.8018697725
998,1591783200,243.02034574,243.29681711,242.25373702,242.84391249,703.5542487,170775.61909349714
999,1591786800,242.78321399,243.55039023,242.72400061,243.14386472,457.58910023,111299.92829653081
